Candidato;Coligação;Votos;
RAUL FILHO;PR;8
ZÉ ROBERTO;PT;2
NULO;;3
BRANCO;;2
SARGENTO ARAGÃO;PEN;3
CLÁUDIA LELIS;PV;6
AMASTHA;PSB;41
ZÉ ROBERTO;PT;9
RAUL FILHO;PR;133
AMASTHA;PSB;95
NULO;;21
SARGENTO ARAGÃO;PEN;7
BRANCO;;7
CLÁUDIA LELIS;PV;21
ZÉ ROBERTO;PT;7
RAUL FILHO;PR;128
AMASTHA;PSB;98
NULO;;24
SARGENTO ARAGÃO;PEN;16
BRANCO;;7
CLÁUDIA LELIS;PV;31
NULO;;14
ZÉ ROBERTO;PT;8
RAUL FILHO;PR;58
BRANCO;;11
CLÁUDIA LELIS;PV;31
SARGENTO ARAGÃO;PEN;5
AMASTHA;PSB;166
ZÉ ROBERTO;PT;8
RAUL FILHO;PR;44
AMASTHA;PSB;103
NULO;;20
SARGENTO ARAGÃO;PEN;3
BRANCO;;6
CLÁUDIA LELIS;PV;24
ZÉ ROBERTO;PT;11
RAUL FILHO;PR;153
AMASTHA;PSB;67
NULO;;16
SARGENTO ARAGÃO;PEN;5
BRANCO;;8
CLÁUDIA LELIS;PV;9
ZÉ ROBERTO;PT;7
RAUL FILHO;PR;134
AMASTHA;PSB;68
NULO;;29
SARGENTO ARAGÃO;PEN;5
BRANCO;;4
CLÁUDIA LELIS;PV;17
ZÉ ROBERTO;PT;11
RAUL FILHO;PR;136
AMASTHA;PSB;76
NULO;;22
SARGENTO ARAGÃO;PEN;3
BRANCO;;7
CLÁUDIA LELIS;PV;19
ZÉ ROBERTO;PT;9
RAUL FILHO;PR;152
AMASTHA;PSB;87
NULO;;16
SARGENTO ARAGÃO;PEN;9
BRANCO;;7
CLÁUDIA LELIS;PV;16
ZÉ ROBERTO;PT;11
RAUL FILHO;PR;147
AMASTHA;PSB;90
NULO;;20
SARGENTO ARAGÃO;PEN;4
BRANCO;;12
CLÁUDIA LELIS;PV;21
ZÉ ROBERTO;PT;11
RAUL FILHO;PR;173
AMASTHA;PSB;49
NULO;;20
SARGENTO ARAGÃO;PEN;4
BRANCO;;5
CLÁUDIA LELIS;PV;34
SARGENTO ARAGÃO;PEN;6
BRANCO;;5
NULO;;23
CLÁUDIA LELIS;PV;28
RAUL FILHO;PR;79
AMASTHA;PSB;147
ZÉ ROBERTO;PT;11
ZÉ ROBERTO;PT;11
RAUL FILHO;PR;49
AMASTHA;PSB;167
NULO;;13
SARGENTO ARAGÃO;PEN;10
BRANCO;;10
CLÁUDIA LELIS;PV;34
ZÉ ROBERTO;PT;7
RAUL FILHO;PR;97
AMASTHA;PSB;116
NULO;;18
SARGENTO ARAGÃO;PEN;4
BRANCO;;9
CLÁUDIA LELIS;PV;38
ZÉ ROBERTO;PT;3
RAUL FILHO;PR;119
AMASTHA;PSB;98
NULO;;26
SARGENTO ARAGÃO;PEN;6
BRANCO;;6
CLÁUDIA LELIS;PV;33
BRANCO;;9
NULO;;34
ZÉ ROBERTO;PT;7
SARGENTO ARAGÃO;PEN;3
AMASTHA;PSB;77
CLÁUDIA LELIS;PV;11
RAUL FILHO;PR;142
ZÉ ROBERTO;PT;18
RAUL FILHO;PR;146
AMASTHA;PSB;89
NULO;;27
SARGENTO ARAGÃO;PEN;2
BRANCO;;7
CLÁUDIA LELIS;PV;22
ZÉ ROBERTO;PT;8
RAUL FILHO;PR;61
AMASTHA;PSB;185
NULO;;22
SARGENTO ARAGÃO;PEN;7
BRANCO;;5
CLÁUDIA LELIS;PV;35
ZÉ ROBERTO;PT;7
RAUL FILHO;PR;116
AMASTHA;PSB;113
NULO;;25
SARGENTO ARAGÃO;PEN;10
BRANCO;;6
CLÁUDIA LELIS;PV;19
ZÉ ROBERTO;PT;11
RAUL FILHO;PR;106
AMASTHA;PSB;124
NULO;;12
SARGENTO ARAGÃO;PEN;5
BRANCO;;12
CLÁUDIA LELIS;PV;34
NULO;;26
ZÉ ROBERTO;PT;6
RAUL FILHO;PR;57
BRANCO;;4
CLÁUDIA LELIS;PV;26
SARGENTO ARAGÃO;PEN;12
AMASTHA;PSB;160
ZÉ ROBERTO;PT;8
RAUL FILHO;PR;40
AMASTHA;PSB;182
NULO;;22
SARGENTO ARAGÃO;PEN;6
BRANCO;;10
CLÁUDIA LELIS;PV;25
ZÉ ROBERTO;PT;4
RAUL FILHO;PR;54
AMASTHA;PSB;97
NULO;;18
SARGENTO ARAGÃO;PEN;2
BRANCO;;4
CLÁUDIA LELIS;PV;21
ZÉ ROBERTO;PT;5
RAUL FILHO;PR;104
AMASTHA;PSB;107
NULO;;17
SARGENTO ARAGÃO;PEN;10
BRANCO;;15
CLÁUDIA LELIS;PV;38
ZÉ ROBERTO;PT;8
RAUL FILHO;PR;55
AMASTHA;PSB;172
NULO;;17
SARGENTO ARAGÃO;PEN;3
BRANCO;;8
CLÁUDIA LELIS;PV;26
NULO;;12
ZÉ ROBERTO;PT;10
RAUL FILHO;PR;39
BRANCO;;4
CLÁUDIA LELIS;PV;22
SARGENTO ARAGÃO;PEN;4
AMASTHA;PSB;120
ZÉ ROBERTO;PT;13
RAUL FILHO;PR;138
AMASTHA;PSB;92
NULO;;22
SARGENTO ARAGÃO;PEN;8
BRANCO;;5
CLÁUDIA LELIS;PV;27
ZÉ ROBERTO;PT;4
RAUL FILHO;PR;41
AMASTHA;PSB;104
NULO;;14
SARGENTO ARAGÃO;PEN;6
BRANCO;;8
CLÁUDIA LELIS;PV;14
ZÉ ROBERTO;PT;14
RAUL FILHO;PR;114
AMASTHA;PSB;104
NULO;;16
SARGENTO ARAGÃO;PEN;6
BRANCO;;7
CLÁUDIA LELIS;PV;19
ZÉ ROBERTO;PT;13
RAUL FILHO;PR;142
AMASTHA;PSB;95
NULO;;11
SARGENTO ARAGÃO;PEN;6
BRANCO;;8
CLÁUDIA LELIS;PV;26
ZÉ ROBERTO;PT;8
RAUL FILHO;PR;101
AMASTHA;PSB;109
NULO;;31
SARGENTO ARAGÃO;PEN;6
BRANCO;;7
CLÁUDIA LELIS;PV;33
ZÉ ROBERTO;PT;8
RAUL FILHO;PR;55
AMASTHA;PSB;165
NULO;;13
SARGENTO ARAGÃO;PEN;4
BRANCO;;9
CLÁUDIA LELIS;PV;26
ZÉ ROBERTO;PT;3
RAUL FILHO;PR;61
AMASTHA;PSB;177
NULO;;23
SARGENTO ARAGÃO;PEN;14
BRANCO;;5
CLÁUDIA LELIS;PV;24
RAUL FILHO;PR;119
AMASTHA;PSB;108
CLÁUDIA LELIS;PV;23
ZÉ ROBERTO;PT;13
BRANCO;;10
NULO;;17
SARGENTO ARAGÃO;PEN;9
ZÉ ROBERTO;PT;3
RAUL FILHO;PR;129
AMASTHA;PSB;79
NULO;;30
SARGENTO ARAGÃO;PEN;2
BRANCO;;6
CLÁUDIA LELIS;PV;25
ZÉ ROBERTO;PT;5
RAUL FILHO;PR;113
AMASTHA;PSB;103
NULO;;16
SARGENTO ARAGÃO;PEN;8
BRANCO;;5
CLÁUDIA LELIS;PV;35
ZÉ ROBERTO;PT;11
RAUL FILHO;PR;54
AMASTHA;PSB;166
NULO;;17
SARGENTO ARAGÃO;PEN;4
BRANCO;;10
CLÁUDIA LELIS;PV;25
ZÉ ROBERTO;PT;5
RAUL FILHO;PR;51
AMASTHA;PSB;109
NULO;;20
SARGENTO ARAGÃO;PEN;6
BRANCO;;6
CLÁUDIA LELIS;PV;23
ZÉ ROBERTO;PT;6
RAUL FILHO;PR;49
AMASTHA;PSB;107
NULO;;14
SARGENTO ARAGÃO;PEN;7
BRANCO;;5
CLÁUDIA LELIS;PV;22
ZÉ ROBERTO;PT;15
RAUL FILHO;PR;62
AMASTHA;PSB;130
NULO;;22
SARGENTO ARAGÃO;PEN;6
BRANCO;;9
CLÁUDIA LELIS;PV;28
ZÉ ROBERTO;PT;13
RAUL FILHO;PR;103
AMASTHA;PSB;117
NULO;;25
SARGENTO ARAGÃO;PEN;3
BRANCO;;11
CLÁUDIA LELIS;PV;16
ZÉ ROBERTO;PT;7
SARGENTO ARAGÃO;PEN;10
BRANCO;;3
CLÁUDIA LELIS;PV;29
RAUL FILHO;PR;142
AMASTHA;PSB;95
NULO;;17
ZÉ ROBERTO;PT;5
RAUL FILHO;PR;98
AMASTHA;PSB;111
NULO;;23
SARGENTO ARAGÃO;PEN;12
BRANCO;;15
CLÁUDIA LELIS;PV;32
NULO;;28
ZÉ ROBERTO;PT;8
RAUL FILHO;PR;66
BRANCO;;11
CLÁUDIA LELIS;PV;21
SARGENTO ARAGÃO;PEN;7
AMASTHA;PSB;158
ZÉ ROBERTO;PT;9
RAUL FILHO;PR;153
AMASTHA;PSB;67
NULO;;26
SARGENTO ARAGÃO;PEN;7
BRANCO;;7
CLÁUDIA LELIS;PV;17
RAUL FILHO;PR;50
AMASTHA;PSB;102
CLÁUDIA LELIS;PV;21
ZÉ ROBERTO;PT;9
BRANCO;;10
NULO;;17
SARGENTO ARAGÃO;PEN;2
ZÉ ROBERTO;PT;12
RAUL FILHO;PR;132
AMASTHA;PSB;79
NULO;;24
SARGENTO ARAGÃO;PEN;9
BRANCO;;10
CLÁUDIA LELIS;PV;27
ZÉ ROBERTO;PT;5
RAUL FILHO;PR;139
AMASTHA;PSB;97
NULO;;27
SARGENTO ARAGÃO;PEN;10
BRANCO;;2
CLÁUDIA LELIS;PV;27
ZÉ ROBERTO;PT;6
RAUL FILHO;PR;61
AMASTHA;PSB;155
NULO;;19
SARGENTO ARAGÃO;PEN;10
BRANCO;;6
CLÁUDIA LELIS;PV;30
ZÉ ROBERTO;PT;5
RAUL FILHO;PR;39
AMASTHA;PSB;98
NULO;;11
SARGENTO ARAGÃO;PEN;4
BRANCO;;3
CLÁUDIA LELIS;PV;14
ZÉ ROBERTO;PT;7
RAUL FILHO;PR;113
AMASTHA;PSB;112
NULO;;25
SARGENTO ARAGÃO;PEN;9
BRANCO;;13
CLÁUDIA LELIS;PV;28
ZÉ ROBERTO;PT;6
RAUL FILHO;PR;52
AMASTHA;PSB;101
NULO;;19
SARGENTO ARAGÃO;PEN;2
BRANCO;;5
CLÁUDIA LELIS;PV;22
ZÉ ROBERTO;PT;9
RAUL FILHO;PR;65
AMASTHA;PSB;156
NULO;;19
SARGENTO ARAGÃO;PEN;6
BRANCO;;7
CLÁUDIA LELIS;PV;31
ZÉ ROBERTO;PT;5
RAUL FILHO;PR;61
AMASTHA;PSB;153
NULO;;24
SARGENTO ARAGÃO;PEN;4
BRANCO;;10
CLÁUDIA LELIS;PV;30
ZÉ ROBERTO;PT;9
RAUL FILHO;PR;129
AMASTHA;PSB;104
NULO;;19
SARGENTO ARAGÃO;PEN;9
BRANCO;;2
CLÁUDIA LELIS;PV;32
AMASTHA;PSB;164
CLÁUDIA LELIS;PV;33
SARGENTO ARAGÃO;PEN;7
RAUL FILHO;PR;57
NULO;;23
ZÉ ROBERTO;PT;10
BRANCO;;11
ZÉ ROBERTO;PT;15
RAUL FILHO;PR;107
AMASTHA;PSB;112
NULO;;14
SARGENTO ARAGÃO;PEN;4
BRANCO;;14
CLÁUDIA LELIS;PV;29
ZÉ ROBERTO;PT;11
RAUL FILHO;PR;104
AMASTHA;PSB;94
NULO;;24
SARGENTO ARAGÃO;PEN;9
BRANCO;;12
CLÁUDIA LELIS;PV;39
ZÉ ROBERTO;PT;13
RAUL FILHO;PR;51
AMASTHA;PSB;105
NULO;;18
SARGENTO ARAGÃO;PEN;10
BRANCO;;3
CLÁUDIA LELIS;PV;22
ZÉ ROBERTO;PT;12
RAUL FILHO;PR;53
AMASTHA;PSB;93
NULO;;13
SARGENTO ARAGÃO;PEN;5
BRANCO;;8
CLÁUDIA LELIS;PV;29
ZÉ ROBERTO;PT;9
RAUL FILHO;PR;75
AMASTHA;PSB;154
NULO;;17
SARGENTO ARAGÃO;PEN;12
BRANCO;;12
CLÁUDIA LELIS;PV;21
ZÉ ROBERTO;PT;10
RAUL FILHO;PR;132
AMASTHA;PSB;90
NULO;;18
SARGENTO ARAGÃO;PEN;5
BRANCO;;9
CLÁUDIA LELIS;PV;32
ZÉ ROBERTO;PT;12
RAUL FILHO;PR;143
AMASTHA;PSB;104
NULO;;18
SARGENTO ARAGÃO;PEN;7
BRANCO;;10
CLÁUDIA LELIS;PV;12
ZÉ ROBERTO;PT;4
RAUL FILHO;PR;56
AMASTHA;PSB;98
NULO;;19
SARGENTO ARAGÃO;PEN;4
BRANCO;;5
CLÁUDIA LELIS;PV;11
ZÉ ROBERTO;PT;14
RAUL FILHO;PR;128
AMASTHA;PSB;105
NULO;;19
SARGENTO ARAGÃO;PEN;6
BRANCO;;5
CLÁUDIA LELIS;PV;24
ZÉ ROBERTO;PT;11
RAUL FILHO;PR;71
AMASTHA;PSB;137
NULO;;20
SARGENTO ARAGÃO;PEN;11
BRANCO;;6
CLÁUDIA LELIS;PV;22
ZÉ ROBERTO;PT;7
RAUL FILHO;PR;122
AMASTHA;PSB;98
NULO;;22
SARGENTO ARAGÃO;PEN;9
BRANCO;;11
CLÁUDIA LELIS;PV;30
ZÉ ROBERTO;PT;10
RAUL FILHO;PR;55
AMASTHA;PSB;164
NULO;;30
SARGENTO ARAGÃO;PEN;4
BRANCO;;9
CLÁUDIA LELIS;PV;34
ZÉ ROBERTO;PT;18
RAUL FILHO;PR;48
AMASTHA;PSB;108
NULO;;10
SARGENTO ARAGÃO;PEN;4
BRANCO;;5
CLÁUDIA LELIS;PV;24
ZÉ ROBERTO;PT;5
RAUL FILHO;PR;55
AMASTHA;PSB;108
NULO;;8
SARGENTO ARAGÃO;PEN;5
BRANCO;;3
CLÁUDIA LELIS;PV;33
CLÁUDIA LELIS;PV;35
SARGENTO ARAGÃO;PEN;5
BRANCO;;10
NULO;;23
ZÉ ROBERTO;PT;7
RAUL FILHO;PR;40
AMASTHA;PSB;166
ZÉ ROBERTO;PT;9
RAUL FILHO;PR;57
AMASTHA;PSB;176
NULO;;22
SARGENTO ARAGÃO;PEN;10
BRANCO;;10
CLÁUDIA LELIS;PV;24
ZÉ ROBERTO;PT;7
RAUL FILHO;PR;108
AMASTHA;PSB;116
NULO;;28
SARGENTO ARAGÃO;PEN;8
BRANCO;;11
CLÁUDIA LELIS;PV;33
RAUL FILHO;PR;55
AMASTHA;PSB;137
CLÁUDIA LELIS;PV;34
ZÉ ROBERTO;PT;8
BRANCO;;2
NULO;;17
SARGENTO ARAGÃO;PEN;7
SARGENTO ARAGÃO;PEN;7
BRANCO;;4
NULO;;17
CLÁUDIA LELIS;PV;18
RAUL FILHO;PR;44
AMASTHA;PSB;109
ZÉ ROBERTO;PT;13
BRANCO;;8
NULO;;23
ZÉ ROBERTO;PT;12
SARGENTO ARAGÃO;PEN;17
AMASTHA;PSB;137
CLÁUDIA LELIS;PV;13
RAUL FILHO;PR;80
ZÉ ROBERTO;PT;11
RAUL FILHO;PR;88
AMASTHA;PSB;141
NULO;;12
SARGENTO ARAGÃO;PEN;8
BRANCO;;10
CLÁUDIA LELIS;PV;24
ZÉ ROBERTO;PT;15
RAUL FILHO;PR;73
AMASTHA;PSB;145
NULO;;14
SARGENTO ARAGÃO;PEN;6
BRANCO;;6
CLÁUDIA LELIS;PV;36
BRANCO;;9
NULO;;25
ZÉ ROBERTO;PT;11
SARGENTO ARAGÃO;PEN;11
AMASTHA;PSB;145
CLÁUDIA LELIS;PV;27
RAUL FILHO;PR;69
CLÁUDIA LELIS;PV;32
SARGENTO ARAGÃO;PEN;6
BRANCO;;10
AMASTHA;PSB;162
ZÉ ROBERTO;PT;7
RAUL FILHO;PR;64
NULO;;30
ZÉ ROBERTO;PT;16
RAUL FILHO;PR;108
AMASTHA;PSB;126
NULO;;22
SARGENTO ARAGÃO;PEN;8
BRANCO;;2
CLÁUDIA LELIS;PV;20
ZÉ ROBERTO;PT;8
RAUL FILHO;PR;94
AMASTHA;PSB;141
NULO;;20
SARGENTO ARAGÃO;PEN;9
BRANCO;;6
CLÁUDIA LELIS;PV;25
ZÉ ROBERTO;PT;8
RAUL FILHO;PR;33
AMASTHA;PSB;102
NULO;;20
SARGENTO ARAGÃO;PEN;2
BRANCO;;7
CLÁUDIA LELIS;PV;19
ZÉ ROBERTO;PT;13
RAUL FILHO;PR;100
AMASTHA;PSB;108
NULO;;31
SARGENTO ARAGÃO;PEN;6
BRANCO;;10
CLÁUDIA LELIS;PV;24
ZÉ ROBERTO;PT;17
RAUL FILHO;PR;71
AMASTHA;PSB;122
NULO;;16
SARGENTO ARAGÃO;PEN;5
BRANCO;;4
CLÁUDIA LELIS;PV;27
ZÉ ROBERTO;PT;18
RAUL FILHO;PR;75
AMASTHA;PSB;135
NULO;;15
SARGENTO ARAGÃO;PEN;8
BRANCO;;5
CLÁUDIA LELIS;PV;33
ZÉ ROBERTO;PT;13
RAUL FILHO;PR;39
AMASTHA;PSB;158
NULO;;32
SARGENTO ARAGÃO;PEN;6
BRANCO;;12
CLÁUDIA LELIS;PV;28
ZÉ ROBERTO;PT;11
RAUL FILHO;PR;89
AMASTHA;PSB;117
NULO;;23
SARGENTO ARAGÃO;PEN;2
BRANCO;;12
CLÁUDIA LELIS;PV;32
ZÉ ROBERTO;PT;8
RAUL FILHO;PR;130
AMASTHA;PSB;86
NULO;;29
SARGENTO ARAGÃO;PEN;6
BRANCO;;8
CLÁUDIA LELIS;PV;25
ZÉ ROBERTO;PT;6
RAUL FILHO;PR;137
AMASTHA;PSB;100
NULO;;22
SARGENTO ARAGÃO;PEN;10
BRANCO;;5
CLÁUDIA LELIS;PV;19
ZÉ ROBERTO;PT;14
RAUL FILHO;PR;122
AMASTHA;PSB;108
NULO;;26
SARGENTO ARAGÃO;PEN;7
BRANCO;;5
CLÁUDIA LELIS;PV;17
ZÉ ROBERTO;PT;9
RAUL FILHO;PR;60
AMASTHA;PSB;174
NULO;;31
SARGENTO ARAGÃO;PEN;4
BRANCO;;9
CLÁUDIA LELIS;PV;30
ZÉ ROBERTO;PT;8
RAUL FILHO;PR;64
AMASTHA;PSB;136
NULO;;17
SARGENTO ARAGÃO;PEN;11
BRANCO;;5
CLÁUDIA LELIS;PV;22
ZÉ ROBERTO;PT;10
RAUL FILHO;PR;79
AMASTHA;PSB;138
NULO;;22
SARGENTO ARAGÃO;PEN;4
BRANCO;;6
CLÁUDIA LELIS;PV;33
ZÉ ROBERTO;PT;10
RAUL FILHO;PR;58
AMASTHA;PSB;177
NULO;;25
SARGENTO ARAGÃO;PEN;5
BRANCO;;6
CLÁUDIA LELIS;PV;18
ZÉ ROBERTO;PT;12
RAUL FILHO;PR;67
AMASTHA;PSB;166
NULO;;18
SARGENTO ARAGÃO;PEN;9
BRANCO;;12
CLÁUDIA LELIS;PV;31
SARGENTO ARAGÃO;PEN;3
BRANCO;;7
NULO;;20
CLÁUDIA LELIS;PV;23
RAUL FILHO;PR;119
AMASTHA;PSB;115
ZÉ ROBERTO;PT;13
ZÉ ROBERTO;PT;13
RAUL FILHO;PR;108
AMASTHA;PSB;100
NULO;;26
SARGENTO ARAGÃO;PEN;4
BRANCO;;10
CLÁUDIA LELIS;PV;37
ZÉ ROBERTO;PT;9
RAUL FILHO;PR;77
AMASTHA;PSB;139
NULO;;18
SARGENTO ARAGÃO;PEN;14
BRANCO;;16
CLÁUDIA LELIS;PV;27
ZÉ ROBERTO;PT;4
RAUL FILHO;PR;46
AMASTHA;PSB;168
NULO;;20
SARGENTO ARAGÃO;PEN;6
BRANCO;;11
CLÁUDIA LELIS;PV;36
NULO;;24
ZÉ ROBERTO;PT;16
RAUL FILHO;PR;64
BRANCO;;12
CLÁUDIA LELIS;PV;37
SARGENTO ARAGÃO;PEN;5
AMASTHA;PSB;156
AMASTHA;PSB;151
CLÁUDIA LELIS;PV;31
SARGENTO ARAGÃO;PEN;5
RAUL FILHO;PR;62
NULO;;30
ZÉ ROBERTO;PT;7
BRANCO;;13
ZÉ ROBERTO;PT;9
RAUL FILHO;PR;53
AMASTHA;PSB;151
NULO;;13
SARGENTO ARAGÃO;PEN;8
BRANCO;;7
CLÁUDIA LELIS;PV;28
ZÉ ROBERTO;PT;6
RAUL FILHO;PR;58
AMASTHA;PSB;152
NULO;;23
SARGENTO ARAGÃO;PEN;11
BRANCO;;12
CLÁUDIA LELIS;PV;27
ZÉ ROBERTO;PT;9
RAUL FILHO;PR;95
AMASTHA;PSB;130
NULO;;23
SARGENTO ARAGÃO;PEN;3
BRANCO;;14
CLÁUDIA LELIS;PV;20
ZÉ ROBERTO;PT;10
RAUL FILHO;PR;49
AMASTHA;PSB;181
NULO;;20
SARGENTO ARAGÃO;PEN;3
BRANCO;;10
CLÁUDIA LELIS;PV;33
SARGENTO ARAGÃO;PEN;4
BRANCO;;5
NULO;;23
CLÁUDIA LELIS;PV;18
RAUL FILHO;PR;37
AMASTHA;PSB;103
ZÉ ROBERTO;PT;7
ZÉ ROBERTO;PT;7
RAUL FILHO;PR;132
AMASTHA;PSB;107
NULO;;17
SARGENTO ARAGÃO;PEN;5
BRANCO;;7
CLÁUDIA LELIS;PV;13
ZÉ ROBERTO;PT;13
RAUL FILHO;PR;55
AMASTHA;PSB;150
NULO;;14
SARGENTO ARAGÃO;PEN;5
BRANCO;;8
CLÁUDIA LELIS;PV;13
ZÉ ROBERTO;PT;12
RAUL FILHO;PR;65
AMASTHA;PSB;143
NULO;;11
SARGENTO ARAGÃO;PEN;4
BRANCO;;8
CLÁUDIA LELIS;PV;38
ZÉ ROBERTO;PT;8
RAUL FILHO;PR;57
AMASTHA;PSB;161
NULO;;17
SARGENTO ARAGÃO;PEN;1
BRANCO;;10
CLÁUDIA LELIS;PV;29
ZÉ ROBERTO;PT;4
RAUL FILHO;PR;45
AMASTHA;PSB;103
NULO;;21
SARGENTO ARAGÃO;PEN;4
BRANCO;;7
CLÁUDIA LELIS;PV;20
ZÉ ROBERTO;PT;6
RAUL FILHO;PR;35
AMASTHA;PSB;107
NULO;;18
SARGENTO ARAGÃO;PEN;2
BRANCO;;8
CLÁUDIA LELIS;PV;22
ZÉ ROBERTO;PT;9
RAUL FILHO;PR;24
AMASTHA;PSB;114
NULO;;16
SARGENTO ARAGÃO;PEN;3
BRANCO;;5
CLÁUDIA LELIS;PV;18
ZÉ ROBERTO;PT;5
RAUL FILHO;PR;34
NULO;;24
CLÁUDIA LELIS;PV;13
BRANCO;;7
AMASTHA;PSB;104
ZÉ ROBERTO;PT;7
RAUL FILHO;PR;36
AMASTHA;PSB;105
NULO;;22
SARGENTO ARAGÃO;PEN;2
BRANCO;;5
CLÁUDIA LELIS;PV;16
ZÉ ROBERTO;PT;8
RAUL FILHO;PR;39
AMASTHA;PSB;192
NULO;;11
SARGENTO ARAGÃO;PEN;1
BRANCO;;3
CLÁUDIA LELIS;PV;29
ZÉ ROBERTO;PT;7
RAUL FILHO;PR;46
AMASTHA;PSB;164
NULO;;16
SARGENTO ARAGÃO;PEN;3
BRANCO;;7
CLÁUDIA LELIS;PV;23
ZÉ ROBERTO;PT;7
RAUL FILHO;PR;52
AMASTHA;PSB;169
NULO;;25
SARGENTO ARAGÃO;PEN;7
BRANCO;;7
CLÁUDIA LELIS;PV;22
ZÉ ROBERTO;PT;7
RAUL FILHO;PR;33
AMASTHA;PSB;179
NULO;;16
SARGENTO ARAGÃO;PEN;9
BRANCO;;10
CLÁUDIA LELIS;PV;27
ZÉ ROBERTO;PT;12
RAUL FILHO;PR;40
AMASTHA;PSB;172
NULO;;17
SARGENTO ARAGÃO;PEN;5
BRANCO;;9
CLÁUDIA LELIS;PV;23
ZÉ ROBERTO;PT;5
RAUL FILHO;PR;43
AMASTHA;PSB;173
NULO;;21
SARGENTO ARAGÃO;PEN;4
BRANCO;;14
CLÁUDIA LELIS;PV;32
ZÉ ROBERTO;PT;9
RAUL FILHO;PR;39
AMASTHA;PSB;161
NULO;;16
SARGENTO ARAGÃO;PEN;5
BRANCO;;6
CLÁUDIA LELIS;PV;30
ZÉ ROBERTO;PT;14
RAUL FILHO;PR;44
NULO;;22
CLÁUDIA LELIS;PV;31
BRANCO;;9
AMASTHA;PSB;172
ZÉ ROBERTO;PT;10
RAUL FILHO;PR;38
AMASTHA;PSB;134
NULO;;24
SARGENTO ARAGÃO;PEN;1
BRANCO;;4
CLÁUDIA LELIS;PV;17
ZÉ ROBERTO;PT;11
NULO;;10
RAUL FILHO;PR;41
BRANCO;;3
CLÁUDIA LELIS;PV;24
SARGENTO ARAGÃO;PEN;3
AMASTHA;PSB;140
ZÉ ROBERTO;PT;9
RAUL FILHO;PR;33
AMASTHA;PSB;129
NULO;;17
SARGENTO ARAGÃO;PEN;5
BRANCO;;10
CLÁUDIA LELIS;PV;19
NULO;;15
ZÉ ROBERTO;PT;13
RAUL FILHO;PR;50
AMASTHA;PSB;118
CLÁUDIA LELIS;PV;23
SARGENTO ARAGÃO;PEN;4
BRANCO;;7
ZÉ ROBERTO;PT;7
RAUL FILHO;PR;50
AMASTHA;PSB;128
NULO;;20
SARGENTO ARAGÃO;PEN;5
BRANCO;;10
CLÁUDIA LELIS;PV;23
ZÉ ROBERTO;PT;4
RAUL FILHO;PR;35
AMASTHA;PSB;128
NULO;;16
SARGENTO ARAGÃO;PEN;5
BRANCO;;8
CLÁUDIA LELIS;PV;23
ZÉ ROBERTO;PT;6
RAUL FILHO;PR;45
AMASTHA;PSB;132
NULO;;15
SARGENTO ARAGÃO;PEN;7
BRANCO;;4
CLÁUDIA LELIS;PV;13
ZÉ ROBERTO;PT;11
RAUL FILHO;PR;39
AMASTHA;PSB;136
NULO;;21
SARGENTO ARAGÃO;PEN;3
BRANCO;;5
CLÁUDIA LELIS;PV;28
ZÉ ROBERTO;PT;7
RAUL FILHO;PR;28
AMASTHA;PSB;136
NULO;;24
SARGENTO ARAGÃO;PEN;4
BRANCO;;8
CLÁUDIA LELIS;PV;19
ZÉ ROBERTO;PT;11
RAUL FILHO;PR;119
AMASTHA;PSB;111
NULO;;19
SARGENTO ARAGÃO;PEN;5
BRANCO;;2
CLÁUDIA LELIS;PV;20
ZÉ ROBERTO;PT;16
RAUL FILHO;PR;116
AMASTHA;PSB;127
NULO;;14
SARGENTO ARAGÃO;PEN;4
BRANCO;;8
CLÁUDIA LELIS;PV;15
ZÉ ROBERTO;PT;18
RAUL FILHO;PR;111
AMASTHA;PSB;119
NULO;;12
SARGENTO ARAGÃO;PEN;4
BRANCO;;5
CLÁUDIA LELIS;PV;18
ZÉ ROBERTO;PT;11
RAUL FILHO;PR;112
AMASTHA;PSB;114
NULO;;27
SARGENTO ARAGÃO;PEN;2
BRANCO;;10
CLÁUDIA LELIS;PV;22
ZÉ ROBERTO;PT;15
RAUL FILHO;PR;113
AMASTHA;PSB;113
NULO;;14
SARGENTO ARAGÃO;PEN;2
BRANCO;;7
CLÁUDIA LELIS;PV;26
ZÉ ROBERTO;PT;3
RAUL FILHO;PR;91
AMASTHA;PSB;115
NULO;;10
SARGENTO ARAGÃO;PEN;7
BRANCO;;8
CLÁUDIA LELIS;PV;27
NULO;;11
ZÉ ROBERTO;PT;9
RAUL FILHO;PR;82
BRANCO;;10
CLÁUDIA LELIS;PV;25
SARGENTO ARAGÃO;PEN;6
AMASTHA;PSB;101
BRANCO;;7
NULO;;26
ZÉ ROBERTO;PT;4
SARGENTO ARAGÃO;PEN;5
AMASTHA;PSB;117
CLÁUDIA LELIS;PV;29
RAUL FILHO;PR;100
ZÉ ROBERTO;PT;13
RAUL FILHO;PR;79
AMASTHA;PSB;99
NULO;;20
SARGENTO ARAGÃO;PEN;5
BRANCO;;5
CLÁUDIA LELIS;PV;27
ZÉ ROBERTO;PT;7
RAUL FILHO;PR;84
AMASTHA;PSB;93
NULO;;21
SARGENTO ARAGÃO;PEN;3
BRANCO;;4
CLÁUDIA LELIS;PV;29
ZÉ ROBERTO;PT;5
RAUL FILHO;PR;87
AMASTHA;PSB;82
NULO;;31
SARGENTO ARAGÃO;PEN;6
BRANCO;;6
CLÁUDIA LELIS;PV;38
ZÉ ROBERTO;PT;10
RAUL FILHO;PR;86
AMASTHA;PSB;90
NULO;;20
SARGENTO ARAGÃO;PEN;5
BRANCO;;4
CLÁUDIA LELIS;PV;36
ZÉ ROBERTO;PT;14
RAUL FILHO;PR;73
AMASTHA;PSB;100
NULO;;17
SARGENTO ARAGÃO;PEN;9
BRANCO;;5
CLÁUDIA LELIS;PV;31
ZÉ ROBERTO;PT;11
RAUL FILHO;PR;75
AMASTHA;PSB;111
NULO;;22
SARGENTO ARAGÃO;PEN;5
BRANCO;;5
CLÁUDIA LELIS;PV;22
AMASTHA;PSB;106
CLÁUDIA LELIS;PV;24
SARGENTO ARAGÃO;PEN;6
RAUL FILHO;PR;83
NULO;;17
ZÉ ROBERTO;PT;8
BRANCO;;12
ZÉ ROBERTO;PT;6
RAUL FILHO;PR;38
AMASTHA;PSB;131
NULO;;22
SARGENTO ARAGÃO;PEN;4
BRANCO;;6
CLÁUDIA LELIS;PV;12
BRANCO;;11
NULO;;17
SARGENTO ARAGÃO;PEN;4
CLÁUDIA LELIS;PV;37
RAUL FILHO;PR;82
AMASTHA;PSB;88
ZÉ ROBERTO;PT;6
ZÉ ROBERTO;PT;13
RAUL FILHO;PR;49
AMASTHA;PSB;182
NULO;;24
SARGENTO ARAGÃO;PEN;9
BRANCO;;6
CLÁUDIA LELIS;PV;20
ZÉ ROBERTO;PT;7
RAUL FILHO;PR;53
AMASTHA;PSB;163
NULO;;19
SARGENTO ARAGÃO;PEN;4
BRANCO;;4
CLÁUDIA LELIS;PV;31
BRANCO;;12
NULO;;22
ZÉ ROBERTO;PT;10
SARGENTO ARAGÃO;PEN;12
AMASTHA;PSB;164
CLÁUDIA LELIS;PV;19
RAUL FILHO;PR;69
ZÉ ROBERTO;PT;8
RAUL FILHO;PR;33
AMASTHA;PSB;191
NULO;;17
SARGENTO ARAGÃO;PEN;4
BRANCO;;7
CLÁUDIA LELIS;PV;30
ZÉ ROBERTO;PT;7
RAUL FILHO;PR;89
AMASTHA;PSB;137
NULO;;24
SARGENTO ARAGÃO;PEN;6
BRANCO;;13
CLÁUDIA LELIS;PV;17
ZÉ ROBERTO;PT;15
RAUL FILHO;PR;73
AMASTHA;PSB;135
NULO;;21
SARGENTO ARAGÃO;PEN;6
BRANCO;;10
CLÁUDIA LELIS;PV;36
ZÉ ROBERTO;PT;7
RAUL FILHO;PR;64
AMASTHA;PSB;168
NULO;;26
SARGENTO ARAGÃO;PEN;9
BRANCO;;15
CLÁUDIA LELIS;PV;26
ZÉ ROBERTO;PT;10
RAUL FILHO;PR;75
AMASTHA;PSB;154
NULO;;25
SARGENTO ARAGÃO;PEN;5
BRANCO;;5
CLÁUDIA LELIS;PV;29
CLÁUDIA LELIS;PV;22
SARGENTO ARAGÃO;PEN;5
BRANCO;;8
AMASTHA;PSB;134
ZÉ ROBERTO;PT;11
RAUL FILHO;PR;86
NULO;;30
ZÉ ROBERTO;PT;18
RAUL FILHO;PR;68
AMASTHA;PSB;118
NULO;;16
SARGENTO ARAGÃO;PEN;5
BRANCO;;4
CLÁUDIA LELIS;PV;30
ZÉ ROBERTO;PT;10
RAUL FILHO;PR;47
AMASTHA;PSB;125
NULO;;22
SARGENTO ARAGÃO;PEN;7
BRANCO;;4
CLÁUDIA LELIS;PV;26
ZÉ ROBERTO;PT;10
RAUL FILHO;PR;56
AMASTHA;PSB;159
NULO;;22
SARGENTO ARAGÃO;PEN;11
BRANCO;;9
CLÁUDIA LELIS;PV;25
ZÉ ROBERTO;PT;12
RAUL FILHO;PR;58
AMASTHA;PSB;143
NULO;;22
SARGENTO ARAGÃO;PEN;9
BRANCO;;4
CLÁUDIA LELIS;PV;32
ZÉ ROBERTO;PT;7
RAUL FILHO;PR;34
AMASTHA;PSB;180
NULO;;21
SARGENTO ARAGÃO;PEN;7
BRANCO;;7
CLÁUDIA LELIS;PV;29
ZÉ ROBERTO;PT;9
RAUL FILHO;PR;83
AMASTHA;PSB;95
NULO;;15
SARGENTO ARAGÃO;PEN;2
BRANCO;;4
CLÁUDIA LELIS;PV;22
ZÉ ROBERTO;PT;9
RAUL FILHO;PR;143
AMASTHA;PSB;83
NULO;;23
SARGENTO ARAGÃO;PEN;7
BRANCO;;7
CLÁUDIA LELIS;PV;26
ZÉ ROBERTO;PT;5
RAUL FILHO;PR;131
AMASTHA;PSB;79
NULO;;22
SARGENTO ARAGÃO;PEN;4
BRANCO;;12
CLÁUDIA LELIS;PV;20
ZÉ ROBERTO;PT;11
RAUL FILHO;PR;37
NULO;;26
CLÁUDIA LELIS;PV;19
SARGENTO ARAGÃO;PEN;5
AMASTHA;PSB;112
ZÉ ROBERTO;PT;9
RAUL FILHO;PR;56
AMASTHA;PSB;188
NULO;;12
SARGENTO ARAGÃO;PEN;7
BRANCO;;8
CLÁUDIA LELIS;PV;20
ZÉ ROBERTO;PT;10
RAUL FILHO;PR;54
AMASTHA;PSB;115
NULO;;15
SARGENTO ARAGÃO;PEN;4
BRANCO;;6
CLÁUDIA LELIS;PV;18
ZÉ ROBERTO;PT;6
RAUL FILHO;PR;29
AMASTHA;PSB;132
NULO;;15
SARGENTO ARAGÃO;PEN;4
BRANCO;;4
CLÁUDIA LELIS;PV;20
ZÉ ROBERTO;PT;9
RAUL FILHO;PR;32
AMASTHA;PSB;122
NULO;;16
SARGENTO ARAGÃO;PEN;2
BRANCO;;8
CLÁUDIA LELIS;PV;20
CLÁUDIA LELIS;PV;26
SARGENTO ARAGÃO;PEN;4
BRANCO;;6
AMASTHA;PSB;88
ZÉ ROBERTO;PT;5
RAUL FILHO;PR;82
NULO;;20
BRANCO;;9
NULO;;19
ZÉ ROBERTO;PT;9
SARGENTO ARAGÃO;PEN;4
AMASTHA;PSB;112
CLÁUDIA LELIS;PV;25
RAUL FILHO;PR;37
ZÉ ROBERTO;PT;18
RAUL FILHO;PR;90
AMASTHA;PSB;152
NULO;;16
SARGENTO ARAGÃO;PEN;8
BRANCO;;8
CLÁUDIA LELIS;PV;20
ZÉ ROBERTO;PT;12
RAUL FILHO;PR;164
AMASTHA;PSB;91
NULO;;13
SARGENTO ARAGÃO;PEN;8
BRANCO;;3
CLÁUDIA LELIS;PV;16
ZÉ ROBERTO;PT;7
RAUL FILHO;PR;62
AMASTHA;PSB;117
NULO;;16
SARGENTO ARAGÃO;PEN;5
BRANCO;;3
CLÁUDIA LELIS;PV;19
ZÉ ROBERTO;PT;9
RAUL FILHO;PR;49
AMASTHA;PSB;174
NULO;;18
SARGENTO ARAGÃO;PEN;6
BRANCO;;6
CLÁUDIA LELIS;PV;25
ZÉ ROBERTO;PT;9
RAUL FILHO;PR;74
AMASTHA;PSB;88
NULO;;24
SARGENTO ARAGÃO;PEN;2
BRANCO;;4
CLÁUDIA LELIS;PV;28
ZÉ ROBERTO;PT;3
RAUL FILHO;PR;73
AMASTHA;PSB;143
NULO;;23
SARGENTO ARAGÃO;PEN;17
BRANCO;;8
CLÁUDIA LELIS;PV;31
ZÉ ROBERTO;PT;6
RAUL FILHO;PR;80
AMASTHA;PSB;90
NULO;;11
SARGENTO ARAGÃO;PEN;13
BRANCO;;9
CLÁUDIA LELIS;PV;20
AMASTHA;PSB;127
CLÁUDIA LELIS;PV;40
SARGENTO ARAGÃO;PEN;3
RAUL FILHO;PR;61
NULO;;18
ZÉ ROBERTO;PT;12
BRANCO;;6
ZÉ ROBERTO;PT;10
RAUL FILHO;PR;37
AMASTHA;PSB;143
NULO;;12
SARGENTO ARAGÃO;PEN;3
BRANCO;;9
CLÁUDIA LELIS;PV;17
ZÉ ROBERTO;PT;8
RAUL FILHO;PR;61
AMASTHA;PSB;161
NULO;;20
SARGENTO ARAGÃO;PEN;5
BRANCO;;9
CLÁUDIA LELIS;PV;28
RAUL FILHO;PR;118
AMASTHA;PSB;103
NULO;;17
SARGENTO ARAGÃO;PEN;5
BRANCO;;6
CLÁUDIA LELIS;PV;30
ZÉ ROBERTO;PT;16
RAUL FILHO;PR;49
AMASTHA;PSB;167
NULO;;34
SARGENTO ARAGÃO;PEN;6
BRANCO;;9
CLÁUDIA LELIS;PV;30
ZÉ ROBERTO;PT;15
RAUL FILHO;PR;95
AMASTHA;PSB;113
NULO;;33
SARGENTO ARAGÃO;PEN;8
BRANCO;;2
CLÁUDIA LELIS;PV;34
ZÉ ROBERTO;PT;6
RAUL FILHO;PR;50
AMASTHA;PSB;146
NULO;;26
SARGENTO ARAGÃO;PEN;9
BRANCO;;4
CLÁUDIA LELIS;PV;27
ZÉ ROBERTO;PT;5
RAUL FILHO;PR;97
AMASTHA;PSB;86
NULO;;16
SARGENTO ARAGÃO;PEN;3
BRANCO;;2
CLÁUDIA LELIS;PV;22
ZÉ ROBERTO;PT;6
RAUL FILHO;PR;96
AMASTHA;PSB;142
NULO;;19
SARGENTO ARAGÃO;PEN;3
BRANCO;;8
CLÁUDIA LELIS;PV;30
ZÉ ROBERTO;PT;10
RAUL FILHO;PR;75
AMASTHA;PSB;129
NULO;;16
SARGENTO ARAGÃO;PEN;6
BRANCO;;10
CLÁUDIA LELIS;PV;25
ZÉ ROBERTO;PT;12
RAUL FILHO;PR;132
AMASTHA;PSB;101
NULO;;31
SARGENTO ARAGÃO;PEN;4
BRANCO;;11
CLÁUDIA LELIS;PV;17
CLÁUDIA LELIS;PV;26
SARGENTO ARAGÃO;PEN;1
BRANCO;;5
AMASTHA;PSB;39
ZÉ ROBERTO;PT;11
RAUL FILHO;PR;176
NULO;;26
CLÁUDIA LELIS;PV;25
SARGENTO ARAGÃO;PEN;8
BRANCO;;6
AMASTHA;PSB;143
ZÉ ROBERTO;PT;11
RAUL FILHO;PR;76
NULO;;11
ZÉ ROBERTO;PT;9
RAUL FILHO;PR;54
AMASTHA;PSB;186
NULO;;27
SARGENTO ARAGÃO;PEN;4
BRANCO;;4
CLÁUDIA LELIS;PV;14
ZÉ ROBERTO;PT;13
RAUL FILHO;PR;66
AMASTHA;PSB;133
NULO;;21
SARGENTO ARAGÃO;PEN;5
BRANCO;;8
CLÁUDIA LELIS;PV;35
ZÉ ROBERTO;PT;4
RAUL FILHO;PR;31
AMASTHA;PSB;139
NULO;;17
SARGENTO ARAGÃO;PEN;3
BRANCO;;6
CLÁUDIA LELIS;PV;16
RAUL FILHO;PR;107
AMASTHA;PSB;107
CLÁUDIA LELIS;PV;13
ZÉ ROBERTO;PT;15
BRANCO;;12
NULO;;28
SARGENTO ARAGÃO;PEN;4
RAUL FILHO;PR;130
AMASTHA;PSB;101
CLÁUDIA LELIS;PV;21
ZÉ ROBERTO;PT;9
BRANCO;;12
NULO;;17
SARGENTO ARAGÃO;PEN;5
ZÉ ROBERTO;PT;15
RAUL FILHO;PR;80
AMASTHA;PSB;124
NULO;;16
SARGENTO ARAGÃO;PEN;4
BRANCO;;8
CLÁUDIA LELIS;PV;44
ZÉ ROBERTO;PT;6
RAUL FILHO;PR;101
AMASTHA;PSB;131
NULO;;22
SARGENTO ARAGÃO;PEN;8
BRANCO;;6
CLÁUDIA LELIS;PV;27
ZÉ ROBERTO;PT;12
RAUL FILHO;PR;65
AMASTHA;PSB;177
NULO;;26
SARGENTO ARAGÃO;PEN;13
BRANCO;;4
CLÁUDIA LELIS;PV;34
ZÉ ROBERTO;PT;7
RAUL FILHO;PR;129
AMASTHA;PSB;102
NULO;;21
SARGENTO ARAGÃO;PEN;7
BRANCO;;5
CLÁUDIA LELIS;PV;20
ZÉ ROBERTO;PT;6
RAUL FILHO;PR;109
AMASTHA;PSB;103
NULO;;19
SARGENTO ARAGÃO;PEN;12
BRANCO;;13
CLÁUDIA LELIS;PV;32
ZÉ ROBERTO;PT;9
RAUL FILHO;PR;116
AMASTHA;PSB;118
NULO;;17
SARGENTO ARAGÃO;PEN;10
BRANCO;;6
CLÁUDIA LELIS;PV;13
ZÉ ROBERTO;PT;9
RAUL FILHO;PR;78
AMASTHA;PSB;137
NULO;;31
SARGENTO ARAGÃO;PEN;3
BRANCO;;18
CLÁUDIA LELIS;PV;24
AMASTHA;PSB;157
CLÁUDIA LELIS;PV;31
SARGENTO ARAGÃO;PEN;9
RAUL FILHO;PR;56
NULO;;16
ZÉ ROBERTO;PT;11
BRANCO;;6
ZÉ ROBERTO;PT;10
RAUL FILHO;PR;109
AMASTHA;PSB;89
NULO;;23
SARGENTO ARAGÃO;PEN;3
BRANCO;;7
CLÁUDIA LELIS;PV;20
ZÉ ROBERTO;PT;13
RAUL FILHO;PR;120
AMASTHA;PSB;91
NULO;;14
SARGENTO ARAGÃO;PEN;6
BRANCO;;10
CLÁUDIA LELIS;PV;18
ZÉ ROBERTO;PT;11
RAUL FILHO;PR;53
AMASTHA;PSB;182
NULO;;16
SARGENTO ARAGÃO;PEN;9
BRANCO;;14
CLÁUDIA LELIS;PV;27
ZÉ ROBERTO;PT;8
RAUL FILHO;PR;58
AMASTHA;PSB;121
NULO;;26
SARGENTO ARAGÃO;PEN;8
BRANCO;;8
CLÁUDIA LELIS;PV;27
ZÉ ROBERTO;PT;10
RAUL FILHO;PR;41
AMASTHA;PSB;124
NULO;;16
SARGENTO ARAGÃO;PEN;5
BRANCO;;7
CLÁUDIA LELIS;PV;24
ZÉ ROBERTO;PT;11
RAUL FILHO;PR;70
AMASTHA;PSB;138
NULO;;27
SARGENTO ARAGÃO;PEN;6
BRANCO;;7
CLÁUDIA LELIS;PV;29
NULO;;21
ZÉ ROBERTO;PT;6
RAUL FILHO;PR;63
BRANCO;;7
CLÁUDIA LELIS;PV;20
SARGENTO ARAGÃO;PEN;9
AMASTHA;PSB;173
ZÉ ROBERTO;PT;9
RAUL FILHO;PR;34
NULO;;20
CLÁUDIA LELIS;PV;20
BRANCO;;8
AMASTHA;PSB;114
ZÉ ROBERTO;PT;5
RAUL FILHO;PR;65
AMASTHA;PSB;155
NULO;;26
SARGENTO ARAGÃO;PEN;13
BRANCO;;11
CLÁUDIA LELIS;PV;29
ZÉ ROBERTO;PT;9
RAUL FILHO;PR;72
AMASTHA;PSB;153
NULO;;27
SARGENTO ARAGÃO;PEN;8
BRANCO;;8
CLÁUDIA LELIS;PV;29
ZÉ ROBERTO;PT;8
RAUL FILHO;PR;53
AMASTHA;PSB;154
NULO;;17
SARGENTO ARAGÃO;PEN;3
BRANCO;;10
CLÁUDIA LELIS;PV;19
ZÉ ROBERTO;PT;13
RAUL FILHO;PR;41
AMASTHA;PSB;135
NULO;;15
SARGENTO ARAGÃO;PEN;7
BRANCO;;8
CLÁUDIA LELIS;PV;12
ZÉ ROBERTO;PT;15
RAUL FILHO;PR;59
AMASTHA;PSB;119
NULO;;25
SARGENTO ARAGÃO;PEN;5
BRANCO;;11
CLÁUDIA LELIS;PV;35
ZÉ ROBERTO;PT;5
RAUL FILHO;PR;26
AMASTHA;PSB;125
NULO;;17
SARGENTO ARAGÃO;PEN;4
BRANCO;;3
CLÁUDIA LELIS;PV;19
ZÉ ROBERTO;PT;6
RAUL FILHO;PR;112
AMASTHA;PSB;108
NULO;;24
SARGENTO ARAGÃO;PEN;4
BRANCO;;8
CLÁUDIA LELIS;PV;20
ZÉ ROBERTO;PT;6
RAUL FILHO;PR;67
AMASTHA;PSB;96
NULO;;18
SARGENTO ARAGÃO;PEN;3
BRANCO;;10
CLÁUDIA LELIS;PV;21
ZÉ ROBERTO;PT;15
RAUL FILHO;PR;66
AMASTHA;PSB;126
NULO;;22
SARGENTO ARAGÃO;PEN;6
BRANCO;;9
CLÁUDIA LELIS;PV;41
SARGENTO ARAGÃO;PEN;10
BRANCO;;15
NULO;;23
CLÁUDIA LELIS;PV;32
RAUL FILHO;PR;73
AMASTHA;PSB;143
ZÉ ROBERTO;PT;4
ZÉ ROBERTO;PT;10
RAUL FILHO;PR;90
AMASTHA;PSB;136
NULO;;28
SARGENTO ARAGÃO;PEN;5
BRANCO;;8
CLÁUDIA LELIS;PV;23
BRANCO;;1
SARGENTO ARAGÃO;PEN;3
CLÁUDIA LELIS;PV;5
AMASTHA;PSB;29
RAUL FILHO;PR;10
ZÉ ROBERTO;PT;1
NULO;;4
ZÉ ROBERTO;PT;10
RAUL FILHO;PR;88
AMASTHA;PSB;144
NULO;;17
SARGENTO ARAGÃO;PEN;10
BRANCO;;7
CLÁUDIA LELIS;PV;25
ZÉ ROBERTO;PT;8
RAUL FILHO;PR;50
AMASTHA;PSB;141
NULO;;14
SARGENTO ARAGÃO;PEN;4
BRANCO;;4
CLÁUDIA LELIS;PV;22
ZÉ ROBERTO;PT;12
RAUL FILHO;PR;60
AMASTHA;PSB;136
NULO;;13
SARGENTO ARAGÃO;PEN;7
BRANCO;;6
CLÁUDIA LELIS;PV;30
ZÉ ROBERTO;PT;9
RAUL FILHO;PR;121
AMASTHA;PSB;86
NULO;;24
SARGENTO ARAGÃO;PEN;5
BRANCO;;9
CLÁUDIA LELIS;PV;22
CLÁUDIA LELIS;PV;21
SARGENTO ARAGÃO;PEN;12
BRANCO;;7
AMASTHA;PSB;94
ZÉ ROBERTO;PT;12
RAUL FILHO;PR;135
NULO;;25
ZÉ ROBERTO;PT;10
RAUL FILHO;PR;53
AMASTHA;PSB;129
NULO;;24
SARGENTO ARAGÃO;PEN;7
BRANCO;;4
CLÁUDIA LELIS;PV;15
ZÉ ROBERTO;PT;9
RAUL FILHO;PR;113
AMASTHA;PSB;95
NULO;;10
SARGENTO ARAGÃO;PEN;7
BRANCO;;10
CLÁUDIA LELIS;PV;20
ZÉ ROBERTO;PT;15
RAUL FILHO;PR;55
AMASTHA;PSB;156
NULO;;20
SARGENTO ARAGÃO;PEN;5
BRANCO;;11
CLÁUDIA LELIS;PV;35
ZÉ ROBERTO;PT;9
RAUL FILHO;PR;40
AMASTHA;PSB;174
NULO;;25
SARGENTO ARAGÃO;PEN;8
BRANCO;;7
CLÁUDIA LELIS;PV;26
ZÉ ROBERTO;PT;17
RAUL FILHO;PR;77
AMASTHA;PSB;130
NULO;;21
SARGENTO ARAGÃO;PEN;7
BRANCO;;12
CLÁUDIA LELIS;PV;26
RAUL FILHO;PR;51
AMASTHA;PSB;174
CLÁUDIA LELIS;PV;26
ZÉ ROBERTO;PT;2
BRANCO;;5
NULO;;13
SARGENTO ARAGÃO;PEN;6
ZÉ ROBERTO;PT;11
RAUL FILHO;PR;64
AMASTHA;PSB;158
NULO;;20
SARGENTO ARAGÃO;PEN;7
BRANCO;;6
CLÁUDIA LELIS;PV;30
ZÉ ROBERTO;PT;10
RAUL FILHO;PR;44
AMASTHA;PSB;156
NULO;;36
SARGENTO ARAGÃO;PEN;7
BRANCO;;9
CLÁUDIA LELIS;PV;23
ZÉ ROBERTO;PT;4
RAUL FILHO;PR;62
AMASTHA;PSB;146
NULO;;17
SARGENTO ARAGÃO;PEN;11
BRANCO;;10
CLÁUDIA LELIS;PV;27
ZÉ ROBERTO;PT;7
RAUL FILHO;PR;144
AMASTHA;PSB;106
NULO;;26
SARGENTO ARAGÃO;PEN;9
BRANCO;;13
CLÁUDIA LELIS;PV;26
AMASTHA;PSB;102
CLÁUDIA LELIS;PV;25
SARGENTO ARAGÃO;PEN;1
BRANCO;;5
NULO;;23
ZÉ ROBERTO;PT;12
RAUL FILHO;PR;125
ZÉ ROBERTO;PT;14
RAUL FILHO;PR;84
AMASTHA;PSB;143
NULO;;12
SARGENTO ARAGÃO;PEN;11
BRANCO;;8
CLÁUDIA LELIS;PV;23
ZÉ ROBERTO;PT;11
RAUL FILHO;PR;65
AMASTHA;PSB;161
NULO;;14
SARGENTO ARAGÃO;PEN;5
BRANCO;;8
CLÁUDIA LELIS;PV;24
ZÉ ROBERTO;PT;5
RAUL FILHO;PR;48
AMASTHA;PSB;174
NULO;;26
SARGENTO ARAGÃO;PEN;10
BRANCO;;8
CLÁUDIA LELIS;PV;25
ZÉ ROBERTO;PT;8
RAUL FILHO;PR;120
AMASTHA;PSB;102
NULO;;16
SARGENTO ARAGÃO;PEN;10
BRANCO;;8
CLÁUDIA LELIS;PV;22
ZÉ ROBERTO;PT;4
RAUL FILHO;PR;79
AMASTHA;PSB;89
NULO;;14
SARGENTO ARAGÃO;PEN;9
BRANCO;;7
CLÁUDIA LELIS;PV;22
ZÉ ROBERTO;PT;2
RAUL FILHO;PR;70
AMASTHA;PSB;143
NULO;;23
SARGENTO ARAGÃO;PEN;9
BRANCO;;7
CLÁUDIA LELIS;PV;23
ZÉ ROBERTO;PT;8
RAUL FILHO;PR;46
AMASTHA;PSB;158
NULO;;24
SARGENTO ARAGÃO;PEN;4
BRANCO;;8
CLÁUDIA LELIS;PV;35
BRANCO;;3
NULO;;24
ZÉ ROBERTO;PT;10
SARGENTO ARAGÃO;PEN;8
AMASTHA;PSB;141
CLÁUDIA LELIS;PV;36
RAUL FILHO;PR;75
ZÉ ROBERTO;PT;8
RAUL FILHO;PR;74
AMASTHA;PSB;80
BRANCO;;8
NULO;;23
SARGENTO ARAGÃO;PEN;6
CLÁUDIA LELIS;PV;33
CLÁUDIA LELIS;PV;23
SARGENTO ARAGÃO;PEN;1
BRANCO;;6
AMASTHA;PSB;183
ZÉ ROBERTO;PT;6
RAUL FILHO;PR;48
NULO;;22
ZÉ ROBERTO;PT;12
RAUL FILHO;PR;53
AMASTHA;PSB;161
NULO;;25
SARGENTO ARAGÃO;PEN;2
BRANCO;;9
CLÁUDIA LELIS;PV;36
AMASTHA;PSB;153
CLÁUDIA LELIS;PV;13
SARGENTO ARAGÃO;PEN;7
RAUL FILHO;PR;66
NULO;;16
ZÉ ROBERTO;PT;7
BRANCO;;6
ZÉ ROBERTO;PT;6
RAUL FILHO;PR;103
AMASTHA;PSB;118
NULO;;21
SARGENTO ARAGÃO;PEN;5
BRANCO;;7
CLÁUDIA LELIS;PV;30
ZÉ ROBERTO;PT;9
RAUL FILHO;PR;102
AMASTHA;PSB;127
NULO;;19
SARGENTO ARAGÃO;PEN;7
BRANCO;;9
CLÁUDIA LELIS;PV;19
ZÉ ROBERTO;PT;16
RAUL FILHO;PR;105
AMASTHA;PSB;109
NULO;;24
SARGENTO ARAGÃO;PEN;3
BRANCO;;8
CLÁUDIA LELIS;PV;27
ZÉ ROBERTO;PT;13
RAUL FILHO;PR;135
AMASTHA;PSB;133
NULO;;14
SARGENTO ARAGÃO;PEN;1
BRANCO;;10
CLÁUDIA LELIS;PV;22
BRANCO;;12
NULO;;18
ZÉ ROBERTO;PT;8
SARGENTO ARAGÃO;PEN;6
AMASTHA;PSB;171
CLÁUDIA LELIS;PV;24
RAUL FILHO;PR;40
BRANCO;;11
NULO;;28
ZÉ ROBERTO;PT;14
RAUL FILHO;PR;43
AMASTHA;PSB;138
CLÁUDIA LELIS;PV;32
SARGENTO ARAGÃO;PEN;3
ZÉ ROBERTO;PT;6
RAUL FILHO;PR;88
AMASTHA;PSB;82
NULO;;23
SARGENTO ARAGÃO;PEN;7
BRANCO;;4
CLÁUDIA LELIS;PV;21
ZÉ ROBERTO;PT;8
RAUL FILHO;PR;89
AMASTHA;PSB;142
NULO;;16
SARGENTO ARAGÃO;PEN;9
BRANCO;;5
CLÁUDIA LELIS;PV;30
ZÉ ROBERTO;PT;8
RAUL FILHO;PR;71
AMASTHA;PSB;139
NULO;;21
SARGENTO ARAGÃO;PEN;10
BRANCO;;10
CLÁUDIA LELIS;PV;24
ZÉ ROBERTO;PT;7
RAUL FILHO;PR;132
AMASTHA;PSB;73
NULO;;22
SARGENTO ARAGÃO;PEN;6
BRANCO;;8
CLÁUDIA LELIS;PV;23
CLÁUDIA LELIS;PV;29
AMASTHA;PSB;33
RAUL FILHO;PR;243
NULO;;13
BRANCO;;5
SARGENTO ARAGÃO;PEN;1
ZÉ ROBERTO;PT;11
RAUL FILHO;PR;55
AMASTHA;PSB;171
NULO;;16
SARGENTO ARAGÃO;PEN;2
BRANCO;;10
CLÁUDIA LELIS;PV;21
ZÉ ROBERTO;PT;6
RAUL FILHO;PR;119
AMASTHA;PSB;98
NULO;;17
SARGENTO ARAGÃO;PEN;5
BRANCO;;6
CLÁUDIA LELIS;PV;30
ZÉ ROBERTO;PT;14
SARGENTO ARAGÃO;PEN;3
BRANCO;;7
CLÁUDIA LELIS;PV;43
RAUL FILHO;PR;64
AMASTHA;PSB;151
NULO;;18
NULO;;20
ZÉ ROBERTO;PT;6
RAUL FILHO;PR;110
BRANCO;;5
CLÁUDIA LELIS;PV;29
SARGENTO ARAGÃO;PEN;2
AMASTHA;PSB;85
ZÉ ROBERTO;PT;9
RAUL FILHO;PR;43
AMASTHA;PSB;178
NULO;;28
SARGENTO ARAGÃO;PEN;3
BRANCO;;9
CLÁUDIA LELIS;PV;22
ZÉ ROBERTO;PT;5
RAUL FILHO;PR;59
AMASTHA;PSB;147
NULO;;25
SARGENTO ARAGÃO;PEN;14
BRANCO;;7
CLÁUDIA LELIS;PV;20
SARGENTO ARAGÃO;PEN;9
BRANCO;;9
NULO;;19
CLÁUDIA LELIS;PV;16
RAUL FILHO;PR;45
AMASTHA;PSB;178
ZÉ ROBERTO;PT;8
ZÉ ROBERTO;PT;8
RAUL FILHO;PR;126
AMASTHA;PSB;111
NULO;;18
SARGENTO ARAGÃO;PEN;5
BRANCO;;4
CLÁUDIA LELIS;PV;13
ZÉ ROBERTO;PT;7
RAUL FILHO;PR;110
AMASTHA;PSB;121
NULO;;20
SARGENTO ARAGÃO;PEN;5
BRANCO;;10
CLÁUDIA LELIS;PV;18
ZÉ ROBERTO;PT;7
RAUL FILHO;PR;108
AMASTHA;PSB;106
NULO;;20
SARGENTO ARAGÃO;PEN;4
BRANCO;;16
CLÁUDIA LELIS;PV;24
RAUL FILHO;PR;74
AMASTHA;PSB;153
CLÁUDIA LELIS;PV;24
ZÉ ROBERTO;PT;11
BRANCO;;8
NULO;;25
SARGENTO ARAGÃO;PEN;10
ZÉ ROBERTO;PT;9
RAUL FILHO;PR;40
AMASTHA;PSB;180
NULO;;24
SARGENTO ARAGÃO;PEN;3
BRANCO;;6
CLÁUDIA LELIS;PV;30
ZÉ ROBERTO;PT;5
RAUL FILHO;PR;122
AMASTHA;PSB;102
NULO;;20
SARGENTO ARAGÃO;PEN;7
BRANCO;;5
CLÁUDIA LELIS;PV;23
ZÉ ROBERTO;PT;6
RAUL FILHO;PR;90
AMASTHA;PSB;139
NULO;;23
SARGENTO ARAGÃO;PEN;6
BRANCO;;11
CLÁUDIA LELIS;PV;17
ZÉ ROBERTO;PT;13
RAUL FILHO;PR;57
AMASTHA;PSB;148
NULO;;22
SARGENTO ARAGÃO;PEN;6
BRANCO;;5
CLÁUDIA LELIS;PV;27
ZÉ ROBERTO;PT;8
RAUL FILHO;PR;118
AMASTHA;PSB;116
NULO;;16
SARGENTO ARAGÃO;PEN;4
BRANCO;;7
CLÁUDIA LELIS;PV;19
ZÉ ROBERTO;PT;19
RAUL FILHO;PR;80
AMASTHA;PSB;139
NULO;;27
SARGENTO ARAGÃO;PEN;8
BRANCO;;11
CLÁUDIA LELIS;PV;37
ZÉ ROBERTO;PT;11
RAUL FILHO;PR;41
AMASTHA;PSB;127
NULO;;6
SARGENTO ARAGÃO;PEN;3
BRANCO;;4
CLÁUDIA LELIS;PV;24
ZÉ ROBERTO;PT;11
RAUL FILHO;PR;101
AMASTHA;PSB;125
NULO;;17
SARGENTO ARAGÃO;PEN;4
BRANCO;;5
CLÁUDIA LELIS;PV;29
RAUL FILHO;PR;81
AMASTHA;PSB;129
CLÁUDIA LELIS;PV;29
SARGENTO ARAGÃO;PEN;3
BRANCO;;5
NULO;;26
ZÉ ROBERTO;PT;12
ZÉ ROBERTO;PT;6
RAUL FILHO;PR;44
AMASTHA;PSB;106
NULO;;12
SARGENTO ARAGÃO;PEN;7
BRANCO;;7
CLÁUDIA LELIS;PV;19
ZÉ ROBERTO;PT;6
RAUL FILHO;PR;49
AMASTHA;PSB;186
NULO;;23
SARGENTO ARAGÃO;PEN;6
BRANCO;;8
CLÁUDIA LELIS;PV;23
ZÉ ROBERTO;PT;9
RAUL FILHO;PR;80
AMASTHA;PSB;89
NULO;;23
SARGENTO ARAGÃO;PEN;6
BRANCO;;12
CLÁUDIA LELIS;PV;27
ZÉ ROBERTO;PT;11
RAUL FILHO;PR;37
AMASTHA;PSB;176
NULO;;23
SARGENTO ARAGÃO;PEN;7
BRANCO;;6
CLÁUDIA LELIS;PV;23
ZÉ ROBERTO;PT;13
RAUL FILHO;PR;68
AMASTHA;PSB;153
NULO;;22
SARGENTO ARAGÃO;PEN;4
BRANCO;;9
CLÁUDIA LELIS;PV;28
AMASTHA;PSB;127
CLÁUDIA LELIS;PV;29
SARGENTO ARAGÃO;PEN;6
RAUL FILHO;PR;101
NULO;;15
ZÉ ROBERTO;PT;7
BRANCO;;6
ZÉ ROBERTO;PT;8
RAUL FILHO;PR;155
AMASTHA;PSB;90
NULO;;15
SARGENTO ARAGÃO;PEN;5
BRANCO;;6
CLÁUDIA LELIS;PV;15
ZÉ ROBERTO;PT;7
RAUL FILHO;PR;62
AMASTHA;PSB;158
NULO;;24
SARGENTO ARAGÃO;PEN;5
BRANCO;;9
CLÁUDIA LELIS;PV;26
ZÉ ROBERTO;PT;12
RAUL FILHO;PR;51
AMASTHA;PSB;110
NULO;;8
SARGENTO ARAGÃO;PEN;3
BRANCO;;5
CLÁUDIA LELIS;PV;15
ZÉ ROBERTO;PT;7
RAUL FILHO;PR;70
AMASTHA;PSB;157
NULO;;21
SARGENTO ARAGÃO;PEN;10
BRANCO;;7
CLÁUDIA LELIS;PV;24
ZÉ ROBERTO;PT;4
RAUL FILHO;PR;110
AMASTHA;PSB;106
NULO;;16
SARGENTO ARAGÃO;PEN;4
BRANCO;;9
CLÁUDIA LELIS;PV;36
ZÉ ROBERTO;PT;8
RAUL FILHO;PR;61
AMASTHA;PSB;158
NULO;;17
SARGENTO ARAGÃO;PEN;5
BRANCO;;8
CLÁUDIA LELIS;PV;30
ZÉ ROBERTO;PT;7
RAUL FILHO;PR;53
AMASTHA;PSB;166
NULO;;21
SARGENTO ARAGÃO;PEN;5
BRANCO;;9
CLÁUDIA LELIS;PV;21
ZÉ ROBERTO;PT;13
RAUL FILHO;PR;33
AMASTHA;PSB;119
NULO;;18
SARGENTO ARAGÃO;PEN;7
BRANCO;;5
CLÁUDIA LELIS;PV;26
ZÉ ROBERTO;PT;8
RAUL FILHO;PR;114
AMASTHA;PSB;119
NULO;;23
SARGENTO ARAGÃO;PEN;7
BRANCO;;6
CLÁUDIA LELIS;PV;17
ZÉ ROBERTO;PT;10
RAUL FILHO;PR;136
AMASTHA;PSB;88
NULO;;21
SARGENTO ARAGÃO;PEN;6
BRANCO;;11
CLÁUDIA LELIS;PV;30
ZÉ ROBERTO;PT;12
RAUL FILHO;PR;144
AMASTHA;PSB;77
NULO;;28
SARGENTO ARAGÃO;PEN;11
BRANCO;;6
CLÁUDIA LELIS;PV;12
BRANCO;;10
NULO;;22
ZÉ ROBERTO;PT;5
SARGENTO ARAGÃO;PEN;5
AMASTHA;PSB;89
CLÁUDIA LELIS;PV;17
RAUL FILHO;PR;39
ZÉ ROBERTO;PT;7
RAUL FILHO;PR;56
AMASTHA;PSB;192
NULO;;17
SARGENTO ARAGÃO;PEN;2
BRANCO;;6
CLÁUDIA LELIS;PV;15
ZÉ ROBERTO;PT;9
RAUL FILHO;PR;47
AMASTHA;PSB;83
NULO;;19
SARGENTO ARAGÃO;PEN;5
BRANCO;;9
CLÁUDIA LELIS;PV;37
ZÉ ROBERTO;PT;17
RAUL FILHO;PR;62
AMASTHA;PSB;136
NULO;;23
SARGENTO ARAGÃO;PEN;5
BRANCO;;6
CLÁUDIA LELIS;PV;41
CLÁUDIA LELIS;PV;27
SARGENTO ARAGÃO;PEN;5
BRANCO;;9
AMASTHA;PSB;87
ZÉ ROBERTO;PT;6
RAUL FILHO;PR;140
NULO;;21
ZÉ ROBERTO;PT;8
RAUL FILHO;PR;117
AMASTHA;PSB;90
NULO;;10
SARGENTO ARAGÃO;PEN;5
BRANCO;;9
CLÁUDIA LELIS;PV;26
ZÉ ROBERTO;PT;12
RAUL FILHO;PR;86
AMASTHA;PSB;101
NULO;;9
SARGENTO ARAGÃO;PEN;8
BRANCO;;7
CLÁUDIA LELIS;PV;30
ZÉ ROBERTO;PT;8
RAUL FILHO;PR;162
AMASTHA;PSB;53
NULO;;11
SARGENTO ARAGÃO;PEN;2
BRANCO;;4
CLÁUDIA LELIS;PV;36
ZÉ ROBERTO;PT;9
RAUL FILHO;PR;72
AMASTHA;PSB;123
NULO;;22
SARGENTO ARAGÃO;PEN;12
BRANCO;;7
CLÁUDIA LELIS;PV;35
ZÉ ROBERTO;PT;6
RAUL FILHO;PR;68
AMASTHA;PSB;156
NULO;;29
SARGENTO ARAGÃO;PEN;10
BRANCO;;8
CLÁUDIA LELIS;PV;21
ZÉ ROBERTO;PT;7
RAUL FILHO;PR;38
AMASTHA;PSB;109
NULO;;20
SARGENTO ARAGÃO;PEN;4
BRANCO;;5
CLÁUDIA LELIS;PV;23
ZÉ ROBERTO;PT;9
RAUL FILHO;PR;44
AMASTHA;PSB;168
NULO;;20
SARGENTO ARAGÃO;PEN;7
BRANCO;;12
CLÁUDIA LELIS;PV;25
ZÉ ROBERTO;PT;5
RAUL FILHO;PR;29
AMASTHA;PSB;121
NULO;;12
SARGENTO ARAGÃO;PEN;4
BRANCO;;4
CLÁUDIA LELIS;PV;12
ZÉ ROBERTO;PT;7
RAUL FILHO;PR;49
AMASTHA;PSB;165
NULO;;14
SARGENTO ARAGÃO;PEN;7
BRANCO;;9
CLÁUDIA LELIS;PV;21
ZÉ ROBERTO;PT;6
RAUL FILHO;PR;33
AMASTHA;PSB;104
NULO;;12
SARGENTO ARAGÃO;PEN;3
BRANCO;;8
CLÁUDIA LELIS;PV;20
AMASTHA;PSB;94
CLÁUDIA LELIS;PV;17
SARGENTO ARAGÃO;PEN;1
RAUL FILHO;PR;53
NULO;;13
ZÉ ROBERTO;PT;15
BRANCO;;6
ZÉ ROBERTO;PT;14
RAUL FILHO;PR;102
AMASTHA;PSB;131
NULO;;23
SARGENTO ARAGÃO;PEN;6
BRANCO;;11
CLÁUDIA LELIS;PV;20
ZÉ ROBERTO;PT;11
RAUL FILHO;PR;120
AMASTHA;PSB;121
NULO;;15
SARGENTO ARAGÃO;PEN;7
BRANCO;;7
CLÁUDIA LELIS;PV;17
ZÉ ROBERTO;PT;14
RAUL FILHO;PR;69
AMASTHA;PSB;159
NULO;;22
SARGENTO ARAGÃO;PEN;5
BRANCO;;10
CLÁUDIA LELIS;PV;22
ZÉ ROBERTO;PT;3
RAUL FILHO;PR;105
AMASTHA;PSB;104
NULO;;20
SARGENTO ARAGÃO;PEN;5
BRANCO;;11
CLÁUDIA LELIS;PV;27
ZÉ ROBERTO;PT;7
RAUL FILHO;PR;137
AMASTHA;PSB;98
NULO;;20
SARGENTO ARAGÃO;PEN;8
BRANCO;;5
CLÁUDIA LELIS;PV;27
ZÉ ROBERTO;PT;11
RAUL FILHO;PR;156
NULO;;10
CLÁUDIA LELIS;PV;21
BRANCO;;6
AMASTHA;PSB;94
RAUL FILHO;PR;81
AMASTHA;PSB;164
CLÁUDIA LELIS;PV;35
ZÉ ROBERTO;PT;6
BRANCO;;10
NULO;;20
SARGENTO ARAGÃO;PEN;5
ZÉ ROBERTO;PT;12
RAUL FILHO;PR;63
AMASTHA;PSB;128
NULO;;20
SARGENTO ARAGÃO;PEN;4
BRANCO;;9
CLÁUDIA LELIS;PV;22
ZÉ ROBERTO;PT;14
RAUL FILHO;PR;132
AMASTHA;PSB;122
NULO;;26
SARGENTO ARAGÃO;PEN;3
BRANCO;;9
CLÁUDIA LELIS;PV;27
ZÉ ROBERTO;PT;5
RAUL FILHO;PR;120
AMASTHA;PSB;86
NULO;;22
SARGENTO ARAGÃO;PEN;6
BRANCO;;9
CLÁUDIA LELIS;PV;24
ZÉ ROBERTO;PT;17
RAUL FILHO;PR;141
AMASTHA;PSB;96
NULO;;19
SARGENTO ARAGÃO;PEN;7
BRANCO;;9
CLÁUDIA LELIS;PV;15
ZÉ ROBERTO;PT;6
RAUL FILHO;PR;64
AMASTHA;PSB;159
NULO;;16
SARGENTO ARAGÃO;PEN;5
BRANCO;;9
CLÁUDIA LELIS;PV;24
ZÉ ROBERTO;PT;6
RAUL FILHO;PR;106
AMASTHA;PSB;123
NULO;;26
SARGENTO ARAGÃO;PEN;4
BRANCO;;14
CLÁUDIA LELIS;PV;25
AMASTHA;PSB;94
CLÁUDIA LELIS;PV;30
SARGENTO ARAGÃO;PEN;4
RAUL FILHO;PR;129
NULO;;9
ZÉ ROBERTO;PT;9
BRANCO;;15
BRANCO;;10
NULO;;31
ZÉ ROBERTO;PT;14
SARGENTO ARAGÃO;PEN;8
AMASTHA;PSB;113
CLÁUDIA LELIS;PV;33
RAUL FILHO;PR;77
SARGENTO ARAGÃO;PEN;11
BRANCO;;8
NULO;;33
CLÁUDIA LELIS;PV;18
RAUL FILHO;PR;136
AMASTHA;PSB;81
ZÉ ROBERTO;PT;13
ZÉ ROBERTO;PT;2
RAUL FILHO;PR;44
AMASTHA;PSB;97
NULO;;16
SARGENTO ARAGÃO;PEN;6
BRANCO;;7
CLÁUDIA LELIS;PV;14
SARGENTO ARAGÃO;PEN;7
BRANCO;;7
NULO;;23
CLÁUDIA LELIS;PV;31
RAUL FILHO;PR;53
AMASTHA;PSB;140
ZÉ ROBERTO;PT;10
ZÉ ROBERTO;PT;6
RAUL FILHO;PR;54
AMASTHA;PSB;173
NULO;;22
SARGENTO ARAGÃO;PEN;4
BRANCO;;8
CLÁUDIA LELIS;PV;23
ZÉ ROBERTO;PT;6
RAUL FILHO;PR;55
AMASTHA;PSB;158
NULO;;19
SARGENTO ARAGÃO;PEN;9
BRANCO;;8
CLÁUDIA LELIS;PV;28
ZÉ ROBERTO;PT;7
RAUL FILHO;PR;30
AMASTHA;PSB;100
NULO;;15
SARGENTO ARAGÃO;PEN;3
BRANCO;;11
CLÁUDIA LELIS;PV;15
ZÉ ROBERTO;PT;6
RAUL FILHO;PR;48
AMASTHA;PSB;163
NULO;;27
SARGENTO ARAGÃO;PEN;4
BRANCO;;10
CLÁUDIA LELIS;PV;26
ZÉ ROBERTO;PT;7
RAUL FILHO;PR;45
AMASTHA;PSB;170
NULO;;20
SARGENTO ARAGÃO;PEN;3
BRANCO;;8
CLÁUDIA LELIS;PV;26
ZÉ ROBERTO;PT;12
RAUL FILHO;PR;109
AMASTHA;PSB;133
NULO;;24
SARGENTO ARAGÃO;PEN;1
BRANCO;;8
CLÁUDIA LELIS;PV;21
ZÉ ROBERTO;PT;5
RAUL FILHO;PR;47
AMASTHA;PSB;175
NULO;;16
SARGENTO ARAGÃO;PEN;8
BRANCO;;7
CLÁUDIA LELIS;PV;26
ZÉ ROBERTO;PT;9
RAUL FILHO;PR;108
AMASTHA;PSB;115
NULO;;24
SARGENTO ARAGÃO;PEN;7
BRANCO;;7
CLÁUDIA LELIS;PV;26
ZÉ ROBERTO;PT;15
RAUL FILHO;PR;111
AMASTHA;PSB;97
NULO;;25
SARGENTO ARAGÃO;PEN;8
BRANCO;;6
CLÁUDIA LELIS;PV;37
ZÉ ROBERTO;PT;20
RAUL FILHO;PR;91
AMASTHA;PSB;99
NULO;;24
SARGENTO ARAGÃO;PEN;11
BRANCO;;6
CLÁUDIA LELIS;PV;35
ZÉ ROBERTO;PT;13
RAUL FILHO;PR;74
AMASTHA;PSB;134
NULO;;17
SARGENTO ARAGÃO;PEN;3
BRANCO;;2
CLÁUDIA LELIS;PV;25
ZÉ ROBERTO;PT;15
RAUL FILHO;PR;74
AMASTHA;PSB;131
NULO;;10
SARGENTO ARAGÃO;PEN;1
BRANCO;;4
CLÁUDIA LELIS;PV;14
ZÉ ROBERTO;PT;8
RAUL FILHO;PR;47
AMASTHA;PSB;100
NULO;;11
SARGENTO ARAGÃO;PEN;3
BRANCO;;9
CLÁUDIA LELIS;PV;28
ZÉ ROBERTO;PT;3
RAUL FILHO;PR;40
AMASTHA;PSB;179
NULO;;22
SARGENTO ARAGÃO;PEN;7
BRANCO;;10
CLÁUDIA LELIS;PV;25
ZÉ ROBERTO;PT;15
RAUL FILHO;PR;99
AMASTHA;PSB;131
NULO;;20
SARGENTO ARAGÃO;PEN;8
BRANCO;;9
CLÁUDIA LELIS;PV;24
CLÁUDIA LELIS;PV;37
SARGENTO ARAGÃO;PEN;3
BRANCO;;13
AMASTHA;PSB;158
ZÉ ROBERTO;PT;12
RAUL FILHO;PR;61
NULO;;21
ZÉ ROBERTO;PT;7
RAUL FILHO;PR;68
AMASTHA;PSB;135
NULO;;20
SARGENTO ARAGÃO;PEN;14
BRANCO;;8
CLÁUDIA LELIS;PV;17
ZÉ ROBERTO;PT;15
RAUL FILHO;PR;51
AMASTHA;PSB;195
NULO;;16
SARGENTO ARAGÃO;PEN;10
BRANCO;;6
CLÁUDIA LELIS;PV;24
ZÉ ROBERTO;PT;16
RAUL FILHO;PR;138
AMASTHA;PSB;90
NULO;;13
SARGENTO ARAGÃO;PEN;5
BRANCO;;10
CLÁUDIA LELIS;PV;19
ZÉ ROBERTO;PT;4
RAUL FILHO;PR;50
AMASTHA;PSB;96
NULO;;15
SARGENTO ARAGÃO;PEN;5
BRANCO;;5
CLÁUDIA LELIS;PV;8
ZÉ ROBERTO;PT;9
RAUL FILHO;PR;129
AMASTHA;PSB;110
NULO;;14
SARGENTO ARAGÃO;PEN;6
BRANCO;;5
CLÁUDIA LELIS;PV;26
ZÉ ROBERTO;PT;3
RAUL FILHO;PR;38
AMASTHA;PSB;96
NULO;;14
SARGENTO ARAGÃO;PEN;6
BRANCO;;3
CLÁUDIA LELIS;PV;9
ZÉ ROBERTO;PT;7
RAUL FILHO;PR;56
AMASTHA;PSB;176
NULO;;24
SARGENTO ARAGÃO;PEN;5
BRANCO;;3
CLÁUDIA LELIS;PV;20
ZÉ ROBERTO;PT;6
RAUL FILHO;PR;39
AMASTHA;PSB;169
NULO;;24
SARGENTO ARAGÃO;PEN;8
BRANCO;;10
CLÁUDIA LELIS;PV;18
ZÉ ROBERTO;PT;13
RAUL FILHO;PR;104
AMASTHA;PSB;122
NULO;;23
SARGENTO ARAGÃO;PEN;8
BRANCO;;12
CLÁUDIA LELIS;PV;24
ZÉ ROBERTO;PT;7
RAUL FILHO;PR;46
AMASTHA;PSB;183
NULO;;23
SARGENTO ARAGÃO;PEN;6
BRANCO;;8
CLÁUDIA LELIS;PV;21
ZÉ ROBERTO;PT;8
RAUL FILHO;PR;162
AMASTHA;PSB;104
NULO;;24
SARGENTO ARAGÃO;PEN;5
BRANCO;;6
CLÁUDIA LELIS;PV;23
ZÉ ROBERTO;PT;13
RAUL FILHO;PR;132
AMASTHA;PSB;101
NULO;;12
SARGENTO ARAGÃO;PEN;9
BRANCO;;10
CLÁUDIA LELIS;PV;16
ZÉ ROBERTO;PT;6
RAUL FILHO;PR;102
AMASTHA;PSB;105
NULO;;27
SARGENTO ARAGÃO;PEN;5
BRANCO;;13
CLÁUDIA LELIS;PV;36
ZÉ ROBERTO;PT;5
RAUL FILHO;PR;37
AMASTHA;PSB;169
NULO;;21
SARGENTO ARAGÃO;PEN;3
BRANCO;;5
CLÁUDIA LELIS;PV;29
ZÉ ROBERTO;PT;12
RAUL FILHO;PR;74
AMASTHA;PSB;144
NULO;;28
SARGENTO ARAGÃO;PEN;6
BRANCO;;5
CLÁUDIA LELIS;PV;21
ZÉ ROBERTO;PT;9
RAUL FILHO;PR;57
AMASTHA;PSB;181
NULO;;19
SARGENTO ARAGÃO;PEN;4
BRANCO;;12
CLÁUDIA LELIS;PV;27
CLÁUDIA LELIS;PV;44
SARGENTO ARAGÃO;PEN;5
BRANCO;;8
NULO;;17
ZÉ ROBERTO;PT;12
RAUL FILHO;PR;59
AMASTHA;PSB;137
ZÉ ROBERTO;PT;6
RAUL FILHO;PR;53
AMASTHA;PSB;177
NULO;;16
SARGENTO ARAGÃO;PEN;8
BRANCO;;4
CLÁUDIA LELIS;PV;18
ZÉ ROBERTO;PT;11
RAUL FILHO;PR;130
AMASTHA;PSB;100
NULO;;12
SARGENTO ARAGÃO;PEN;4
BRANCO;;5
CLÁUDIA LELIS;PV;24
SARGENTO ARAGÃO;PEN;3
BRANCO;;8
NULO;;18
CLÁUDIA LELIS;PV;21
RAUL FILHO;PR;58
AMASTHA;PSB;169
ZÉ ROBERTO;PT;3
ZÉ ROBERTO;PT;11
RAUL FILHO;PR;61
AMASTHA;PSB;154
NULO;;18
SARGENTO ARAGÃO;PEN;4
BRANCO;;3
CLÁUDIA LELIS;PV;33
ZÉ ROBERTO;PT;13
RAUL FILHO;PR;69
AMASTHA;PSB;149
NULO;;24
SARGENTO ARAGÃO;PEN;6
BRANCO;;9
CLÁUDIA LELIS;PV;34
ZÉ ROBERTO;PT;5
RAUL FILHO;PR;68
AMASTHA;PSB;149
NULO;;23
SARGENTO ARAGÃO;PEN;20
BRANCO;;7
CLÁUDIA LELIS;PV;30
ZÉ ROBERTO;PT;14
RAUL FILHO;PR;62
AMASTHA;PSB;145
NULO;;30
SARGENTO ARAGÃO;PEN;2
BRANCO;;12
CLÁUDIA LELIS;PV;34
ZÉ ROBERTO;PT;7
RAUL FILHO;PR;131
AMASTHA;PSB;38
NULO;;17
SARGENTO ARAGÃO;PEN;6
BRANCO;;4
CLÁUDIA LELIS;PV;15
ZÉ ROBERTO;PT;9
RAUL FILHO;PR;93
AMASTHA;PSB;137
NULO;;16
SARGENTO ARAGÃO;PEN;3
BRANCO;;8
CLÁUDIA LELIS;PV;26
ZÉ ROBERTO;PT;14
RAUL FILHO;PR;130
AMASTHA;PSB;94
NULO;;18
SARGENTO ARAGÃO;PEN;4
BRANCO;;3
CLÁUDIA LELIS;PV;35
ZÉ ROBERTO;PT;7
RAUL FILHO;PR;76
AMASTHA;PSB;141
NULO;;32
SARGENTO ARAGÃO;PEN;15
BRANCO;;13
CLÁUDIA LELIS;PV;25
ZÉ ROBERTO;PT;10
RAUL FILHO;PR;54
AMASTHA;PSB;158
NULO;;17
SARGENTO ARAGÃO;PEN;9
BRANCO;;6
CLÁUDIA LELIS;PV;28
ZÉ ROBERTO;PT;13
RAUL FILHO;PR;92
AMASTHA;PSB;113
NULO;;21
SARGENTO ARAGÃO;PEN;8
BRANCO;;10
CLÁUDIA LELIS;PV;30
ZÉ ROBERTO;PT;14
RAUL FILHO;PR;116
AMASTHA;PSB;90
NULO;;22
SARGENTO ARAGÃO;PEN;5
BRANCO;;8
CLÁUDIA LELIS;PV;24
ZÉ ROBERTO;PT;11
RAUL FILHO;PR;62
AMASTHA;PSB;162
NULO;;9
SARGENTO ARAGÃO;PEN;3
BRANCO;;9
CLÁUDIA LELIS;PV;32
ZÉ ROBERTO;PT;6
RAUL FILHO;PR;105
AMASTHA;PSB;147
NULO;;16
SARGENTO ARAGÃO;PEN;5
BRANCO;;11
CLÁUDIA LELIS;PV;18
ZÉ ROBERTO;PT;9
RAUL FILHO;PR;143
AMASTHA;PSB;97
NULO;;25
SARGENTO ARAGÃO;PEN;4
BRANCO;;4
CLÁUDIA LELIS;PV;29
ZÉ ROBERTO;PT;11
RAUL FILHO;PR;58
AMASTHA;PSB;151
NULO;;22
SARGENTO ARAGÃO;PEN;9
BRANCO;;12
CLÁUDIA LELIS;PV;20
ZÉ ROBERTO;PT;8
RAUL FILHO;PR;72
AMASTHA;PSB;144
NULO;;19
SARGENTO ARAGÃO;PEN;5
BRANCO;;5
CLÁUDIA LELIS;PV;30
ZÉ ROBERTO;PT;10
RAUL FILHO;PR;67
AMASTHA;PSB;151
NULO;;36
SARGENTO ARAGÃO;PEN;14
BRANCO;;6
CLÁUDIA LELIS;PV;24
ZÉ ROBERTO;PT;7
RAUL FILHO;PR;64
AMASTHA;PSB;145
NULO;;28
SARGENTO ARAGÃO;PEN;5
BRANCO;;5
CLÁUDIA LELIS;PV;22
ZÉ ROBERTO;PT;11
RAUL FILHO;PR;38
AMASTHA;PSB;125
NULO;;8
SARGENTO ARAGÃO;PEN;7
BRANCO;;7
CLÁUDIA LELIS;PV;16
ZÉ ROBERTO;PT;4
RAUL FILHO;PR;62
AMASTHA;PSB;187
NULO;;17
SARGENTO ARAGÃO;PEN;6
BRANCO;;7
CLÁUDIA LELIS;PV;28
ZÉ ROBERTO;PT;16
RAUL FILHO;PR;90
AMASTHA;PSB;132
SARGENTO ARAGÃO;PEN;4
NULO;;14
CLÁUDIA LELIS;PV;27
BRANCO;;5
RAUL FILHO;PR;61
AMASTHA;PSB;111
CLÁUDIA LELIS;PV;31
SARGENTO ARAGÃO;PEN;5
BRANCO;;7
NULO;;19
ZÉ ROBERTO;PT;11
CLÁUDIA LELIS;PV;42
SARGENTO ARAGÃO;PEN;6
BRANCO;;4
AMASTHA;PSB;141
ZÉ ROBERTO;PT;9
RAUL FILHO;PR;57
NULO;;28
ZÉ ROBERTO;PT;12
RAUL FILHO;PR;68
AMASTHA;PSB;141
NULO;;30
SARGENTO ARAGÃO;PEN;15
BRANCO;;10
CLÁUDIA LELIS;PV;22
ZÉ ROBERTO;PT;4
RAUL FILHO;PR;47
AMASTHA;PSB;167
NULO;;31
SARGENTO ARAGÃO;PEN;7
BRANCO;;11
CLÁUDIA LELIS;PV;25
ZÉ ROBERTO;PT;8
RAUL FILHO;PR;40
AMASTHA;PSB;185
NULO;;22
SARGENTO ARAGÃO;PEN;2
BRANCO;;7
CLÁUDIA LELIS;PV;14
ZÉ ROBERTO;PT;11
RAUL FILHO;PR;41
AMASTHA;PSB;119
NULO;;19
SARGENTO ARAGÃO;PEN;2
BRANCO;;6
CLÁUDIA LELIS;PV;23
ZÉ ROBERTO;PT;16
RAUL FILHO;PR;50
AMASTHA;PSB;149
NULO;;16
SARGENTO ARAGÃO;PEN;9
BRANCO;;11
CLÁUDIA LELIS;PV;26
ZÉ ROBERTO;PT;6
RAUL FILHO;PR;56
AMASTHA;PSB;162
NULO;;20
SARGENTO ARAGÃO;PEN;13
BRANCO;;4
CLÁUDIA LELIS;PV;29
ZÉ ROBERTO;PT;11
RAUL FILHO;PR;66
AMASTHA;PSB;121
NULO;;13
SARGENTO ARAGÃO;PEN;5
BRANCO;;5
CLÁUDIA LELIS;PV;33
AMASTHA;PSB;142
CLÁUDIA LELIS;PV;20
SARGENTO ARAGÃO;PEN;4
RAUL FILHO;PR;91
NULO;;14
ZÉ ROBERTO;PT;9
BRANCO;;10
ZÉ ROBERTO;PT;8
RAUL FILHO;PR;65
AMASTHA;PSB;164
NULO;;22
SARGENTO ARAGÃO;PEN;6
BRANCO;;6
CLÁUDIA LELIS;PV;26
BRANCO;;9
NULO;;14
ZÉ ROBERTO;PT;8
SARGENTO ARAGÃO;PEN;8
AMASTHA;PSB;173
CLÁUDIA LELIS;PV;21
RAUL FILHO;PR;65
ZÉ ROBERTO;PT;6
RAUL FILHO;PR;75
AMASTHA;PSB;155
NULO;;17
SARGENTO ARAGÃO;PEN;12
BRANCO;;9
CLÁUDIA LELIS;PV;21
ZÉ ROBERTO;PT;5
RAUL FILHO;PR;53
AMASTHA;PSB;164
NULO;;27
SARGENTO ARAGÃO;PEN;11
BRANCO;;9
CLÁUDIA LELIS;PV;20
ZÉ ROBERTO;PT;6
RAUL FILHO;PR;41
AMASTHA;PSB;182
NULO;;24
SARGENTO ARAGÃO;PEN;12
BRANCO;;8
CLÁUDIA LELIS;PV;24
ZÉ ROBERTO;PT;6
RAUL FILHO;PR;108
AMASTHA;PSB;112
NULO;;23
SARGENTO ARAGÃO;PEN;6
BRANCO;;15
CLÁUDIA LELIS;PV;22
ZÉ ROBERTO;PT;5
RAUL FILHO;PR;94
AMASTHA;PSB;129
NULO;;19
SARGENTO ARAGÃO;PEN;6
BRANCO;;8
CLÁUDIA LELIS;PV;17
ZÉ ROBERTO;PT;7
RAUL FILHO;PR;113
AMASTHA;PSB;84
NULO;;20
SARGENTO ARAGÃO;PEN;8
BRANCO;;7
CLÁUDIA LELIS;PV;25
ZÉ ROBERTO;PT;5
RAUL FILHO;PR;44
AMASTHA;PSB;75
NULO;;5
SARGENTO ARAGÃO;PEN;5
BRANCO;;1
CLÁUDIA LELIS;PV;23
ZÉ ROBERTO;PT;2
RAUL FILHO;PR;63
NULO;;5
CLÁUDIA LELIS;PV;17
BRANCO;;5
AMASTHA;PSB;48
ZÉ ROBERTO;PT;12
RAUL FILHO;PR;115
AMASTHA;PSB;113
NULO;;16
SARGENTO ARAGÃO;PEN;2
BRANCO;;10
CLÁUDIA LELIS;PV;36
ZÉ ROBERTO;PT;9
RAUL FILHO;PR;67
AMASTHA;PSB;141
NULO;;20
SARGENTO ARAGÃO;PEN;4
BRANCO;;6
CLÁUDIA LELIS;PV;35
AMASTHA;PSB;110
CLÁUDIA LELIS;PV;19
SARGENTO ARAGÃO;PEN;3
RAUL FILHO;PR;31
NULO;;9
ZÉ ROBERTO;PT;4
BRANCO;;4
SARGENTO ARAGÃO;PEN;4
BRANCO;;11
NULO;;17
CLÁUDIA LELIS;PV;33
RAUL FILHO;PR;41
AMASTHA;PSB;159
ZÉ ROBERTO;PT;11
ZÉ ROBERTO;PT;7
RAUL FILHO;PR;38
AMASTHA;PSB;196
NULO;;14
SARGENTO ARAGÃO;PEN;6
BRANCO;;6
CLÁUDIA LELIS;PV;21
ZÉ ROBERTO;PT;11
RAUL FILHO;PR;51
AMASTHA;PSB;176
NULO;;11
SARGENTO ARAGÃO;PEN;5
BRANCO;;7
CLÁUDIA LELIS;PV;21
ZÉ ROBERTO;PT;5
RAUL FILHO;PR;133
AMASTHA;PSB;103
NULO;;10
SARGENTO ARAGÃO;PEN;1
BRANCO;;6
CLÁUDIA LELIS;PV;29
ZÉ ROBERTO;PT;10
RAUL FILHO;PR;68
AMASTHA;PSB;153
NULO;;21
SARGENTO ARAGÃO;PEN;17
BRANCO;;7
CLÁUDIA LELIS;PV;18
CLÁUDIA LELIS;PV;24
SARGENTO ARAGÃO;PEN;8
BRANCO;;11
AMASTHA;PSB;195
ZÉ ROBERTO;PT;7
RAUL FILHO;PR;57
NULO;;21
ZÉ ROBERTO;PT;9
RAUL FILHO;PR;43
AMASTHA;PSB;184
NULO;;17
SARGENTO ARAGÃO;PEN;8
BRANCO;;9
CLÁUDIA LELIS;PV;19
ZÉ ROBERTO;PT;7
RAUL FILHO;PR;94
AMASTHA;PSB;150
NULO;;16
SARGENTO ARAGÃO;PEN;3
BRANCO;;9
CLÁUDIA LELIS;PV;18
ZÉ ROBERTO;PT;2
RAUL FILHO;PR;61
AMASTHA;PSB;127
NULO;;12
SARGENTO ARAGÃO;PEN;9
BRANCO;;6
CLÁUDIA LELIS;PV;20
SARGENTO ARAGÃO;PEN;7
BRANCO;;6
NULO;;17
CLÁUDIA LELIS;PV;14
RAUL FILHO;PR;74
AMASTHA;PSB;166
ZÉ ROBERTO;PT;17
ZÉ ROBERTO;PT;15
RAUL FILHO;PR;30
AMASTHA;PSB;132
NULO;;11
SARGENTO ARAGÃO;PEN;4
BRANCO;;5
CLÁUDIA LELIS;PV;15
ZÉ ROBERTO;PT;8
RAUL FILHO;PR;59
AMASTHA;PSB;142
NULO;;17
SARGENTO ARAGÃO;PEN;8
BRANCO;;6
CLÁUDIA LELIS;PV;17
ZÉ ROBERTO;PT;9
RAUL FILHO;PR;100
AMASTHA;PSB;116
NULO;;16
SARGENTO ARAGÃO;PEN;4
BRANCO;;8
CLÁUDIA LELIS;PV;25
ZÉ ROBERTO;PT;8
RAUL FILHO;PR;48
AMASTHA;PSB;147
NULO;;9
SARGENTO ARAGÃO;PEN;11
BRANCO;;6
CLÁUDIA LELIS;PV;35
ZÉ ROBERTO;PT;13
RAUL FILHO;PR;47
AMASTHA;PSB;166
NULO;;18
SARGENTO ARAGÃO;PEN;5
BRANCO;;7
CLÁUDIA LELIS;PV;29
ZÉ ROBERTO;PT;13
RAUL FILHO;PR;101
AMASTHA;PSB;118
NULO;;22
SARGENTO ARAGÃO;PEN;7
BRANCO;;6
CLÁUDIA LELIS;PV;27
ZÉ ROBERTO;PT;13
RAUL FILHO;PR;44
AMASTHA;PSB;153
NULO;;28
SARGENTO ARAGÃO;PEN;6
BRANCO;;10
CLÁUDIA LELIS;PV;23
ZÉ ROBERTO;PT;10
RAUL FILHO;PR;62
AMASTHA;PSB;163
NULO;;12
SARGENTO ARAGÃO;PEN;1
BRANCO;;5
CLÁUDIA LELIS;PV;37
ZÉ ROBERTO;PT;10
RAUL FILHO;PR;94
AMASTHA;PSB;133
NULO;;23
SARGENTO ARAGÃO;PEN;2
BRANCO;;6
CLÁUDIA LELIS;PV;21
ZÉ ROBERTO;PT;12
RAUL FILHO;PR;83
AMASTHA;PSB;146
NULO;;18
SARGENTO ARAGÃO;PEN;5
BRANCO;;6
CLÁUDIA LELIS;PV;18
ZÉ ROBERTO;PT;8
RAUL FILHO;PR;69
AMASTHA;PSB;155
NULO;;26
SARGENTO ARAGÃO;PEN;6
BRANCO;;13
CLÁUDIA LELIS;PV;20
BRANCO;;8
NULO;;17
ZÉ ROBERTO;PT;12
SARGENTO ARAGÃO;PEN;9
AMASTHA;PSB;154
CLÁUDIA LELIS;PV;27
RAUL FILHO;PR;48
ZÉ ROBERTO;PT;5
RAUL FILHO;PR;61
AMASTHA;PSB;135
NULO;;13
SARGENTO ARAGÃO;PEN;3
BRANCO;;6
CLÁUDIA LELIS;PV;19
ZÉ ROBERTO;PT;10
RAUL FILHO;PR;28
AMASTHA;PSB;195
NULO;;19
SARGENTO ARAGÃO;PEN;9
BRANCO;;6
CLÁUDIA LELIS;PV;28
ZÉ ROBERTO;PT;10
RAUL FILHO;PR;52
AMASTHA;PSB;173
NULO;;19
SARGENTO ARAGÃO;PEN;11
BRANCO;;5
CLÁUDIA LELIS;PV;20
ZÉ ROBERTO;PT;5
RAUL FILHO;PR;49
AMASTHA;PSB;158
NULO;;12
SARGENTO ARAGÃO;PEN;11
BRANCO;;10
CLÁUDIA LELIS;PV;26
ZÉ ROBERTO;PT;9
RAUL FILHO;PR;82
AMASTHA;PSB;141
NULO;;16
SARGENTO ARAGÃO;PEN;4
BRANCO;;14
CLÁUDIA LELIS;PV;25
ZÉ ROBERTO;PT;12
RAUL FILHO;PR;136
AMASTHA;PSB;88
NULO;;17
SARGENTO ARAGÃO;PEN;5
BRANCO;;6
CLÁUDIA LELIS;PV;20
BRANCO;;8
NULO;;19
ZÉ ROBERTO;PT;11
RAUL FILHO;PR;74
AMASTHA;PSB;144
CLÁUDIA LELIS;PV;22
SARGENTO ARAGÃO;PEN;9
ZÉ ROBERTO;PT;5
RAUL FILHO;PR;103
AMASTHA;PSB;116
NULO;;19
SARGENTO ARAGÃO;PEN;5
BRANCO;;10
CLÁUDIA LELIS;PV;18
ZÉ ROBERTO;PT;7
RAUL FILHO;PR;118
AMASTHA;PSB;81
NULO;;22
SARGENTO ARAGÃO;PEN;16
BRANCO;;6
CLÁUDIA LELIS;PV;21
ZÉ ROBERTO;PT;9
RAUL FILHO;PR;92
AMASTHA;PSB;137
NULO;;25
SARGENTO ARAGÃO;PEN;5
BRANCO;;13
CLÁUDIA LELIS;PV;12
ZÉ ROBERTO;PT;11
RAUL FILHO;PR;99
AMASTHA;PSB;94
NULO;;28
SARGENTO ARAGÃO;PEN;5
BRANCO;;8
CLÁUDIA LELIS;PV;14
ZÉ ROBERTO;PT;6
RAUL FILHO;PR;55
AMASTHA;PSB;114
NULO;;18
SARGENTO ARAGÃO;PEN;7
BRANCO;;9
CLÁUDIA LELIS;PV;29
SARGENTO ARAGÃO;PEN;1
CLÁUDIA LELIS;PV;6
AMASTHA;PSB;7
RAUL FILHO;PR;31
ZÉ ROBERTO;PT;2
NULO;;5
BRANCO;;1
NULO;;6
BRANCO;;3
CLÁUDIA LELIS;PV;17
AMASTHA;PSB;24
RAUL FILHO;PR;27
ZÉ ROBERTO;PT;5
SARGENTO ARAGÃO;PEN;1
CLÁUDIA LELIS;PV;7
AMASTHA;PSB;14
RAUL FILHO;PR;23
ZÉ ROBERTO;PT;2
NULO;;7
BRANCO;;2
BRANCO;;2
CLÁUDIA LELIS;PV;6
AMASTHA;PSB;31
RAUL FILHO;PR;17
ZÉ ROBERTO;PT;2
NULO;;3
RAUL FILHO;PR;23
AMASTHA;PSB;21
NULO;;7
BRANCO;;3
CLÁUDIA LELIS;PV;6
ZÉ ROBERTO;PT;1
NULO;;1
BRANCO;;2
CLÁUDIA LELIS;PV;6
AMASTHA;PSB;26
RAUL FILHO;PR;16
AMASTHA;PSB;20
RAUL FILHO;PR;26
ZÉ ROBERTO;PT;1
NULO;;6
SARGENTO ARAGÃO;PEN;1
CLÁUDIA LELIS;PV;9
ZÉ ROBERTO;PT;3
RAUL FILHO;PR;39
NULO;;15
CLÁUDIA LELIS;PV;13
SARGENTO ARAGÃO;PEN;1
AMASTHA;PSB;29
CLÁUDIA LELIS;PV;2
AMASTHA;PSB;20
RAUL FILHO;PR;28
NULO;;8
RAUL FILHO;PR;32
NULO;;11
SARGENTO ARAGÃO;PEN;1
CLÁUDIA LELIS;PV;8
AMASTHA;PSB;10
BRANCO;;1
CLÁUDIA LELIS;PV;5
AMASTHA;PSB;10
RAUL FILHO;PR;31
ZÉ ROBERTO;PT;2
NULO;;4
CLÁUDIA LELIS;PV;4
AMASTHA;PSB;19
RAUL FILHO;PR;32
NULO;;7
BRANCO;;1
BRANCO;;1
CLÁUDIA LELIS;PV;2
AMASTHA;PSB;15
RAUL FILHO;PR;31
ZÉ ROBERTO;PT;4
NULO;;9
BRANCO;;3
SARGENTO ARAGÃO;PEN;2
CLÁUDIA LELIS;PV;7
AMASTHA;PSB;31
RAUL FILHO;PR;36
ZÉ ROBERTO;PT;1
NULO;;12
RAUL FILHO;PR;93
AMASTHA;PSB;126
CLÁUDIA LELIS;PV;19
ZÉ ROBERTO;PT;11
BRANCO;;13
NULO;;24
SARGENTO ARAGÃO;PEN;5
ZÉ ROBERTO;PT;10
RAUL FILHO;PR;87
AMASTHA;PSB;144
NULO;;27
SARGENTO ARAGÃO;PEN;4
BRANCO;;6
CLÁUDIA LELIS;PV;26
NULO;;19
ZÉ ROBERTO;PT;13
RAUL FILHO;PR;62
BRANCO;;5
CLÁUDIA LELIS;PV;25
SARGENTO ARAGÃO;PEN;4
AMASTHA;PSB;157
ZÉ ROBERTO;PT;10
RAUL FILHO;PR;53
AMASTHA;PSB;169
NULO;;15
SARGENTO ARAGÃO;PEN;4
BRANCO;;8
CLÁUDIA LELIS;PV;42
RAUL FILHO;PR;66
AMASTHA;PSB;178
CLÁUDIA LELIS;PV;33
ZÉ ROBERTO;PT;9
BRANCO;;3
NULO;;38
SARGENTO ARAGÃO;PEN;7
ZÉ ROBERTO;PT;12
RAUL FILHO;PR;98
AMASTHA;PSB;99
NULO;;31
SARGENTO ARAGÃO;PEN;12
BRANCO;;10
CLÁUDIA LELIS;PV;35
ZÉ ROBERTO;PT;12
RAUL FILHO;PR;67
AMASTHA;PSB;155
NULO;;29
SARGENTO ARAGÃO;PEN;11
BRANCO;;10
CLÁUDIA LELIS;PV;21
ZÉ ROBERTO;PT;12
RAUL FILHO;PR;121
AMASTHA;PSB;95
NULO;;23
SARGENTO ARAGÃO;PEN;5
BRANCO;;9
CLÁUDIA LELIS;PV;18
ZÉ ROBERTO;PT;7
RAUL FILHO;PR;72
AMASTHA;PSB;162
NULO;;23
SARGENTO ARAGÃO;PEN;16
BRANCO;;9
CLÁUDIA LELIS;PV;23
ZÉ ROBERTO;PT;6
RAUL FILHO;PR;44
AMASTHA;PSB;176
NULO;;19
SARGENTO ARAGÃO;PEN;4
BRANCO;;4
CLÁUDIA LELIS;PV;30
ZÉ ROBERTO;PT;12
RAUL FILHO;PR;60
AMASTHA;PSB;153
NULO;;27
SARGENTO ARAGÃO;PEN;8
BRANCO;;10
CLÁUDIA LELIS;PV;33
ZÉ ROBERTO;PT;5
RAUL FILHO;PR;68
AMASTHA;PSB;166
NULO;;25
SARGENTO ARAGÃO;PEN;10
BRANCO;;7
CLÁUDIA LELIS;PV;31
ZÉ ROBERTO;PT;18
RAUL FILHO;PR;49
AMASTHA;PSB;148
NULO;;23
SARGENTO ARAGÃO;PEN;8
BRANCO;;11
CLÁUDIA LELIS;PV;24
ZÉ ROBERTO;PT;14
RAUL FILHO;PR;60
AMASTHA;PSB;165
NULO;;23
SARGENTO ARAGÃO;PEN;8
BRANCO;;9
CLÁUDIA LELIS;PV;32
ZÉ ROBERTO;PT;18
RAUL FILHO;PR;71
AMASTHA;PSB;129
NULO;;26
SARGENTO ARAGÃO;PEN;4
BRANCO;;6
CLÁUDIA LELIS;PV;39
ZÉ ROBERTO;PT;6
RAUL FILHO;PR;112
AMASTHA;PSB;113
NULO;;22
SARGENTO ARAGÃO;PEN;5
BRANCO;;7
CLÁUDIA LELIS;PV;36
ZÉ ROBERTO;PT;15
RAUL FILHO;PR;95
AMASTHA;PSB;137
NULO;;23
SARGENTO ARAGÃO;PEN;4
BRANCO;;8
CLÁUDIA LELIS;PV;27
ZÉ ROBERTO;PT;12
RAUL FILHO;PR;120
AMASTHA;PSB;109
NULO;;18
SARGENTO ARAGÃO;PEN;6
BRANCO;;11
CLÁUDIA LELIS;PV;30
ZÉ ROBERTO;PT;8
RAUL FILHO;PR;73
AMASTHA;PSB;146
NULO;;18
SARGENTO ARAGÃO;PEN;5
BRANCO;;9
CLÁUDIA LELIS;PV;25
ZÉ ROBERTO;PT;17
RAUL FILHO;PR;84
AMASTHA;PSB;148
NULO;;23
SARGENTO ARAGÃO;PEN;10
BRANCO;;8
CLÁUDIA LELIS;PV;18
ZÉ ROBERTO;PT;7
RAUL FILHO;PR;139
AMASTHA;PSB;93
NULO;;23
SARGENTO ARAGÃO;PEN;3
BRANCO;;6
CLÁUDIA LELIS;PV;27
ZÉ ROBERTO;PT;18
RAUL FILHO;PR;55
AMASTHA;PSB;143
NULO;;21
SARGENTO ARAGÃO;PEN;8
BRANCO;;10
CLÁUDIA LELIS;PV;39
ZÉ ROBERTO;PT;12
RAUL FILHO;PR;42
AMASTHA;PSB;190
NULO;;38
SARGENTO ARAGÃO;PEN;5
BRANCO;;9
CLÁUDIA LELIS;PV;21
ZÉ ROBERTO;PT;10
RAUL FILHO;PR;68
AMASTHA;PSB;145
NULO;;17
SARGENTO ARAGÃO;PEN;7
BRANCO;;11
CLÁUDIA LELIS;PV;29
BRANCO;;5
NULO;;29
ZÉ ROBERTO;PT;9
SARGENTO ARAGÃO;PEN;6
AMASTHA;PSB;186
CLÁUDIA LELIS;PV;14
RAUL FILHO;PR;47
ZÉ ROBERTO;PT;3
RAUL FILHO;PR;51
AMASTHA;PSB;171
NULO;;21
SARGENTO ARAGÃO;PEN;8
BRANCO;;9
CLÁUDIA LELIS;PV;25
ZÉ ROBERTO;PT;9
RAUL FILHO;PR;88
AMASTHA;PSB;141
NULO;;16
SARGENTO ARAGÃO;PEN;14
BRANCO;;7
CLÁUDIA LELIS;PV;22
ZÉ ROBERTO;PT;5
RAUL FILHO;PR;93
AMASTHA;PSB;126
NULO;;30
SARGENTO ARAGÃO;PEN;7
BRANCO;;11
CLÁUDIA LELIS;PV;6
ZÉ ROBERTO;PT;17
RAUL FILHO;PR;37
AMASTHA;PSB;170
NULO;;31
SARGENTO ARAGÃO;PEN;4
BRANCO;;8
CLÁUDIA LELIS;PV;18
ZÉ ROBERTO;PT;12
RAUL FILHO;PR;136
AMASTHA;PSB;96
NULO;;12
SARGENTO ARAGÃO;PEN;2
BRANCO;;11
CLÁUDIA LELIS;PV;20
NULO;;13
ZÉ ROBERTO;PT;14
RAUL FILHO;PR;91
BRANCO;;9
CLÁUDIA LELIS;PV;42
SARGENTO ARAGÃO;PEN;15
AMASTHA;PSB;104
ZÉ ROBERTO;PT;6
RAUL FILHO;PR;80
AMASTHA;PSB;141
NULO;;20
SARGENTO ARAGÃO;PEN;13
BRANCO;;6
CLÁUDIA LELIS;PV;27
ZÉ ROBERTO;PT;19
RAUL FILHO;PR;88
AMASTHA;PSB;131
NULO;;18
SARGENTO ARAGÃO;PEN;10
BRANCO;;7
CLÁUDIA LELIS;PV;20
ZÉ ROBERTO;PT;12
RAUL FILHO;PR;93
AMASTHA;PSB;136
NULO;;19
SARGENTO ARAGÃO;PEN;2
BRANCO;;10
CLÁUDIA LELIS;PV;30
RAUL FILHO;PR;125
AMASTHA;PSB;87
CLÁUDIA LELIS;PV;20
ZÉ ROBERTO;PT;4
BRANCO;;9
NULO;;12
SARGENTO ARAGÃO;PEN;3
CLÁUDIA LELIS;PV;21
SARGENTO ARAGÃO;PEN;3
BRANCO;;7
AMASTHA;PSB;81
ZÉ ROBERTO;PT;6
RAUL FILHO;PR;118
NULO;;23
ZÉ ROBERTO;PT;9
RAUL FILHO;PR;50
AMASTHA;PSB;153
NULO;;23
SARGENTO ARAGÃO;PEN;6
BRANCO;;10
CLÁUDIA LELIS;PV;18
AMASTHA;PSB;118
CLÁUDIA LELIS;PV;33
SARGENTO ARAGÃO;PEN;2
RAUL FILHO;PR;64
NULO;;16
ZÉ ROBERTO;PT;14
BRANCO;;5
ZÉ ROBERTO;PT;9
RAUL FILHO;PR;135
AMASTHA;PSB;91
NULO;;17
SARGENTO ARAGÃO;PEN;6
BRANCO;;11
CLÁUDIA LELIS;PV;14
ZÉ ROBERTO;PT;10
RAUL FILHO;PR;128
AMASTHA;PSB;88
NULO;;17
SARGENTO ARAGÃO;PEN;11
BRANCO;;10
CLÁUDIA LELIS;PV;19
ZÉ ROBERTO;PT;19
RAUL FILHO;PR;59
AMASTHA;PSB;129
NULO;;16
SARGENTO ARAGÃO;PEN;5
BRANCO;;3
CLÁUDIA LELIS;PV;36
ZÉ ROBERTO;PT;9
RAUL FILHO;PR;59
AMASTHA;PSB;185
NULO;;20
SARGENTO ARAGÃO;PEN;9
BRANCO;;8
CLÁUDIA LELIS;PV;27
ZÉ ROBERTO;PT;7
RAUL FILHO;PR;100
AMASTHA;PSB;116
NULO;;12
SARGENTO ARAGÃO;PEN;4
BRANCO;;5
CLÁUDIA LELIS;PV;19
ZÉ ROBERTO;PT;6
RAUL FILHO;PR;78
AMASTHA;PSB;142
NULO;;14
SARGENTO ARAGÃO;PEN;4
BRANCO;;10
CLÁUDIA LELIS;PV;20
ZÉ ROBERTO;PT;6
RAUL FILHO;PR;78
AMASTHA;PSB;136
NULO;;15
SARGENTO ARAGÃO;PEN;3
BRANCO;;10
CLÁUDIA LELIS;PV;28
ZÉ ROBERTO;PT;8
RAUL FILHO;PR;90
AMASTHA;PSB;111
NULO;;17
SARGENTO ARAGÃO;PEN;7
BRANCO;;6
CLÁUDIA LELIS;PV;16
ZÉ ROBERTO;PT;6
RAUL FILHO;PR;92
AMASTHA;PSB;114
NULO;;26
SARGENTO ARAGÃO;PEN;7
BRANCO;;13
CLÁUDIA LELIS;PV;27
ZÉ ROBERTO;PT;10
RAUL FILHO;PR;64
AMASTHA;PSB;153
NULO;;18
SARGENTO ARAGÃO;PEN;9
BRANCO;;9
CLÁUDIA LELIS;PV;25
ZÉ ROBERTO;PT;11
RAUL FILHO;PR;93
AMASTHA;PSB;124
NULO;;14
SARGENTO ARAGÃO;PEN;3
BRANCO;;9
CLÁUDIA LELIS;PV;20
ZÉ ROBERTO;PT;7
RAUL FILHO;PR;64
AMASTHA;PSB;161
NULO;;20
SARGENTO ARAGÃO;PEN;8
BRANCO;;9
CLÁUDIA LELIS;PV;24
ZÉ ROBERTO;PT;6
RAUL FILHO;PR;43
AMASTHA;PSB;180
NULO;;10
SARGENTO ARAGÃO;PEN;6
BRANCO;;4
CLÁUDIA LELIS;PV;20
SARGENTO ARAGÃO;PEN;4
BRANCO;;7
NULO;;11
CLÁUDIA LELIS;PV;29
RAUL FILHO;PR;38
AMASTHA;PSB;166
ZÉ ROBERTO;PT;6
ZÉ ROBERTO;PT;8
RAUL FILHO;PR;120
AMASTHA;PSB;91
NULO;;15
SARGENTO ARAGÃO;PEN;2
BRANCO;;9
CLÁUDIA LELIS;PV;14
ZÉ ROBERTO;PT;10
RAUL FILHO;PR;72
AMASTHA;PSB;142
NULO;;23
SARGENTO ARAGÃO;PEN;2
BRANCO;;4
CLÁUDIA LELIS;PV;24
ZÉ ROBERTO;PT;13
RAUL FILHO;PR;67
AMASTHA;PSB;157
NULO;;11
SARGENTO ARAGÃO;PEN;3
BRANCO;;7
CLÁUDIA LELIS;PV;24
ZÉ ROBERTO;PT;4
RAUL FILHO;PR;89
AMASTHA;PSB;132
NULO;;20
SARGENTO ARAGÃO;PEN;3
BRANCO;;6
CLÁUDIA LELIS;PV;23
NULO;;14
ZÉ ROBERTO;PT;6
RAUL FILHO;PR;59
BRANCO;;14
CLÁUDIA LELIS;PV;25
SARGENTO ARAGÃO;PEN;9
AMASTHA;PSB;149
ZÉ ROBERTO;PT;14
RAUL FILHO;PR;86
AMASTHA;PSB;135
NULO;;16
SARGENTO ARAGÃO;PEN;5
BRANCO;;7
CLÁUDIA LELIS;PV;17
ZÉ ROBERTO;PT;4
RAUL FILHO;PR;46
AMASTHA;PSB;127
NULO;;7
SARGENTO ARAGÃO;PEN;1
BRANCO;;6
CLÁUDIA LELIS;PV;22
CLÁUDIA LELIS;PV;20
SARGENTO ARAGÃO;PEN;7
BRANCO;;6
AMASTHA;PSB;143
ZÉ ROBERTO;PT;6
RAUL FILHO;PR;67
NULO;;17
ZÉ ROBERTO;PT;11
RAUL FILHO;PR;90
AMASTHA;PSB;109
NULO;;10
SARGENTO ARAGÃO;PEN;8
BRANCO;;5
CLÁUDIA LELIS;PV;27
ZÉ ROBERTO;PT;9
RAUL FILHO;PR;88
AMASTHA;PSB;64
NULO;;11
SARGENTO ARAGÃO;PEN;6
BRANCO;;7
CLÁUDIA LELIS;PV;26
ZÉ ROBERTO;PT;3
RAUL FILHO;PR;77
AMASTHA;PSB;117
NULO;;13
SARGENTO ARAGÃO;PEN;9
BRANCO;;6
CLÁUDIA LELIS;PV;35
ZÉ ROBERTO;PT;7
RAUL FILHO;PR;103
AMASTHA;PSB;111
NULO;;17
SARGENTO ARAGÃO;PEN;11
BRANCO;;8
CLÁUDIA LELIS;PV;39
ZÉ ROBERTO;PT;18
RAUL FILHO;PR;60
AMASTHA;PSB;150
NULO;;10
SARGENTO ARAGÃO;PEN;5
BRANCO;;10
CLÁUDIA LELIS;PV;25
ZÉ ROBERTO;PT;5
RAUL FILHO;PR;82
AMASTHA;PSB;163
NULO;;15
SARGENTO ARAGÃO;PEN;9
BRANCO;;10
CLÁUDIA LELIS;PV;21
ZÉ ROBERTO;PT;9
RAUL FILHO;PR;71
AMASTHA;PSB;154
NULO;;25
SARGENTO ARAGÃO;PEN;5
BRANCO;;10
CLÁUDIA LELIS;PV;33
ZÉ ROBERTO;PT;6
RAUL FILHO;PR;45
AMASTHA;PSB;153
NULO;;12
SARGENTO ARAGÃO;PEN;5
BRANCO;;14
CLÁUDIA LELIS;PV;26
ZÉ ROBERTO;PT;6
RAUL FILHO;PR;41
AMASTHA;PSB;120
NULO;;7
SARGENTO ARAGÃO;PEN;4
BRANCO;;3
CLÁUDIA LELIS;PV;16
ZÉ ROBERTO;PT;6
RAUL FILHO;PR;18
AMASTHA;PSB;68
NULO;;7
SARGENTO ARAGÃO;PEN;3
BRANCO;;2
CLÁUDIA LELIS;PV;5
ZÉ ROBERTO;PT;4
RAUL FILHO;PR;42
AMASTHA;PSB;134
NULO;;5
SARGENTO ARAGÃO;PEN;10
BRANCO;;6
CLÁUDIA LELIS;PV;19
BRANCO;;5
NULO;;1
ZÉ ROBERTO;PT;3
SARGENTO ARAGÃO;PEN;7
AMASTHA;PSB;59
CLÁUDIA LELIS;PV;5
RAUL FILHO;PR;30
ZÉ ROBERTO;PT;3
RAUL FILHO;PR;31
AMASTHA;PSB;109
NULO;;6
SARGENTO ARAGÃO;PEN;5
BRANCO;;7
CLÁUDIA LELIS;PV;14
ZÉ ROBERTO;PT;4
RAUL FILHO;PR;47
AMASTHA;PSB;65
NULO;;5
SARGENTO ARAGÃO;PEN;9
BRANCO;;2
CLÁUDIA LELIS;PV;14
BRANCO;;3
CLÁUDIA LELIS;PV;7
AMASTHA;PSB;46
RAUL FILHO;PR;15
ZÉ ROBERTO;PT;4
NULO;;5
ZÉ ROBERTO;PT;3
RAUL FILHO;PR;35
AMASTHA;PSB;61
NULO;;7
SARGENTO ARAGÃO;PEN;5
BRANCO;;1
CLÁUDIA LELIS;PV;12
ZÉ ROBERTO;PT;4
RAUL FILHO;PR;30
AMASTHA;PSB;51
NULO;;8
SARGENTO ARAGÃO;PEN;3
BRANCO;;3
CLÁUDIA LELIS;PV;12
CLÁUDIA LELIS;PV;15
AMASTHA;PSB;47
RAUL FILHO;PR;12
ZÉ ROBERTO;PT;2
NULO;;3
SARGENTO ARAGÃO;PEN;3
AMASTHA;PSB;23
RAUL FILHO;PR;24
ZÉ ROBERTO;PT;8
NULO;;2
BRANCO;;5
SARGENTO ARAGÃO;PEN;3
CLÁUDIA LELIS;PV;10
ZÉ ROBERTO;PT;3
RAUL FILHO;PR;58
AMASTHA;PSB;73
NULO;;11
SARGENTO ARAGÃO;PEN;2
BRANCO;;5
CLÁUDIA LELIS;PV;10
